Team Number,Match Number,Team Color,Scout Initals,Cone High Auto,Cone Mid Auto,Cone Low Auto,Cube High Auto,Cube Mid Auto,Cube Low Auto,Mobility Auto,Balance Auto,Cones Collected,Cubes Collected,Cone High,Cone Mid,Cone Low,Cube High,Cube Mid,Cube Low,Endgame Teleop,Notes,Time Uploaded
"6417","1",Blue,"LL",0,0,0,1,0,0,Mobility,None,1,2,1,0,0,1,0,1,Engaged,"2 bot balance. Flimsy claw arm intake. Very slow",Fri Mar 31 2023 16:11:54 GMT+0000 (Coordinated Universal Time)
"3669","1",Blue,"HH",1,0,0,0,0,0,Mobility,Engaged,4,0,2,0,0,0,0,1,Park,"Slow!",Fri Mar 31 2023 16:12:03 GMT+0000 (Coordinated Universal Time)
"2375","1",Blue,"KL",0,0,1,0,0,0,Mobility,None,3,0,0,1,1,0,0,0,None,"Bad driving and bot is very jittery",Fri Mar 31 2023 16:12:16 GMT+0000 (Coordinated Universal Time)
"2073","1",Red,"IL",0,0,0,1,0,0,Mobility,Docked,3,5,3,0,0,1,0,4,Park,"",Fri Mar 31 2023 16:12:28 GMT+0000 (Coordinated Universal Time)
"3669redundant","1",Blue,"MR",1,0,0,0,0,0,Mobility,Engaged,3,0,2,0,2,0,0,0,None,"ok speed drive but poor alignment speed. suction",Fri Mar 31 2023 16:12:59 GMT+0000 (Coordinated Universal Time)
"399","1",Red,"Lg",0,0,0,0,0,1,Mobility,None,0,5,0,0,0,1,2,2,Engaged,"Above average. Only cube intake?",Fri Mar 31 2023 16:12:59 GMT+0000 (Coordinated Universal Time)
"1197","Match 1",Red,"AS",0,0,0,0,0,0,None,None,0,0,0,0,0,0,0,0,Engaged,"Defense, no pieces placed",Fri Mar 31 2023 16:13:03 GMT+0000 (Coordinated Universal Time)
"6305","2",Red,"Lg",0,0,0,0,1,0,Mobility,None,1,1,0,0,1,0,0,1,Engaged,"Jank af",Fri Mar 31 2023 16:20:01 GMT+0000 (Coordinated Universal Time)
"6060","2",Blue,"HH",0,0,0,0,0,0,None,None,0,0,0,0,0,0,0,2,Engaged,"Slow cube pusher",Fri Mar 31 2023 16:20:03 GMT+0000 (Coordinated Universal Time)
"6060","2",Blue,"HH",0,0,0,0,0,0,None,None,0,0,0,0,0,0,0,2,Engaged,"Slow cube pusher",Fri Mar 31 2023 16:20:03 GMT+0000 (Coordinated Universal Time)
"980","Match 2",Red,"AS",0,0,1,0,0,0,Attempted Mobility,None,2,0,0,1,1,0,0,0,Engaged,"Attempted to place mid in auto, then drove back; stayed in community",Fri Mar 31 2023 16:20:07 GMT+0000 (Coordinated Universal Time)
"6072","2",Blue,"KL",0,0,0,0,1,0,None,Engaged,0,3,0,0,0,0,0,2,Engaged,"Slow intake and bad driver",Fri Mar 31 2023 16:20:09 GMT+0000 (Coordinated Universal Time)
"5869","2",Blue,"LL",0,0,0,0,0,0,None,None,0,0,0,0,0,0,0,0,Park,"No auto. Very bad intake. Just played defense (not well either). Attempted balance and failed",Fri Mar 31 2023 16:20:12 GMT+0000 (Coordinated Universal Time)
"6060redundant","2",Blue,"MR",0,0,0,0,0,1,Attempted Mobility,None,0,0,0,0,0,0,0,1,Engaged,"instant no. slow and poor driving ability.",Fri Mar 31 2023 16:20:28 GMT+0000 (Coordinated Universal Time)
"6657","2",Red,"IL",0,0,0,1,0,0,None,None,0,4,0,0,0,0,0,4,Park,"No movement autos, aligns manually to score.",Fri Mar 31 2023 16:20:55 GMT+0000 (Coordinated Universal Time)
"5124","3",Blue,"HH",0,0,0,1,0,0,Mobility,None,0,1,0,0,0,1,0,0,Engaged,"Defense ",Fri Mar 31 2023 16:28:12 GMT+0000 (Coordinated Universal Time)
"5012","3",Blue,"LL",0,0,0,0,0,0,None,None,0,0,0,0,0,0,0,0,Engaged,"2 bot balance. No autos. Pretty fast. Good driver. Just played defense",Fri Mar 31 2023 16:28:13 GMT+0000 (Coordinated Universal Time)
"3512","Match 3",Red,"AS",1,0,0,0,0,0,Mobility,None,2,5,2,0,0,2,0,3,Engaged,"",Fri Mar 31 2023 16:28:19 GMT+0000 (Coordinated Universal Time)
"4414","3",Red,"Lg",0,1,1,0,0,0,Mobility,Engaged,6,3,3,2,1,1,0,1,None,"A little off than normal ",Fri Mar 31 2023 16:28:28 GMT+0000 (Coordinated Universal Time)
"4419","3",Red,"MR",0,0,0,0,0,1,None,None,2,3,0,2,0,0,1,2,Engaged,"relatively quick. small drivetrain. lacks rigidity. nearly full grid.",Fri Mar 31 2023 16:28:50 GMT+0000 (Coordinated Universal Time)
"4415","3",Blue,"AJ",1,0,0,0,0,0,Mobility,Engaged,6,1,2,2,2,0,1,0,Park,"Great auto and consistent scorer.",Fri Mar 31 2023 16:28:57 GMT+0000 (Coordinated Universal Time)
"4419","3",Red,"IL",0,0,0,0,0,1,None,None,0,0,0,2,0,0,1,2,Engaged,"",Fri Mar 31 2023 16:29:24 GMT+0000 (Coordinated Universal Time)
"4014","4",Red,"Lg",0,0,0,0,0,0,None,None,0,0,0,0,0,0,0,0,None,"",Fri Mar 31 2023 16:38:28 GMT+0000 (Coordinated Universal Time)
"4014","4",Red,"Lg",0,0,0,0,0,0,None,None,0,0,0,0,0,0,0,0,None,"No show",Fri Mar 31 2023 16:38:50 GMT+0000 (Coordinated Universal Time)
"8060","4",Red,"IL",0,0,0,0,0,0,None,None,0,0,0,0,0,0,0,0,None,"No activity this match",Fri Mar 31 2023 16:43:04 GMT+0000 (Coordinated Universal Time)
"3749","Match 4",Red,"AS",1,0,0,0,0,0,Mobility,Docked,2,2,2,0,0,1,0,1,None,"messed up one cone place in auto and one cube place in teleop ",Fri Mar 31 2023 16:43:35 GMT+0000 (Coordinated Universal Time)
"3476","4",Blue,"LL",1,0,0,0,0,0,Mobility,Engaged,4,4,4,0,1,3,0,1,Engaged,"Very good robot overall. 2 bot balance. Missed one cone in auto (otherwise would’ve gotten 2 cone + balance auto). Fast and reliable shooting",Fri Mar 31 2023 16:43:39 GMT+0000 (Coordinated Universal Time)
"4698","4",Blue,"SRT",0,1,0,0,0,0,Attempted Mobility,None,3,2,0,3,0,0,3,0,Engaged,"Pretty fast. Looked like they worked well with other teams. Can only do mid and low?",Fri Mar 31 2023 16:43:51 GMT+0000 (Coordinated Universal Time)
"981","4",Blue,"KL",0,0,0,0,0,0,Mobility,None,1,1,1,0,0,1,0,0,Park,"Slow intake and robot, very inconsistent autos and pick ups(cones and cubes)",Fri Mar 31 2023 16:43:55 GMT+0000 (Coordinated Universal Time)
"3476","4",Blue,"MR",1,0,1,0,0,0,Mobility,Engaged,5,4,4,0,1,3,0,1,Engaged,"quick and reliable. doesnt drop cones. auto cone low tried to be on top.",Fri Mar 31 2023 16:44:03 GMT+0000 (Coordinated Universal Time)
"3476","4",Blue,"MR",1,0,1,0,0,0,Mobility,Engaged,5,4,4,0,1,3,0,1,Engaged,"quick and reliable. doesnt drop cones. auto cone low tried to be on top.",Fri Mar 31 2023 16:44:15 GMT+0000 (Coordinated Universal Time)
"7042","5",Red,"LL",0,0,0,1,0,0,Mobility,None,2,1,1,0,0,0,0,1,Engaged,"2 bot balance. Very slow intake.",Fri Mar 31 2023 16:50:20 GMT+0000 (Coordinated Universal Time)
"4079","5",Red,"Lg",0,0,0,1,0,0,Mobility,None,1,0,1,0,0,0,0,0,Engaged,"Jank ",Fri Mar 31 2023 16:50:31 GMT+0000 (Coordinated Universal Time)
"9084","4",Blue,"HH",1,0,0,0,0,0,Mobility,Engaged,0,7,0,0,0,0,0,7,Engaged,"Good driving some issues in sub station",Fri Mar 31 2023 16:50:34 GMT+0000 (Coordinated Universal Time)
"8768","Match 5",Red,"",0,0,0,0,0,0,Mobility,None,2,3,0,2,0,0,1,3,Engaged,"Attempted place in auto, piece was out of hybrid node; was pushed in at beginning of auto ",Fri Mar 31 2023 16:50:51 GMT+0000 (Coordinated Universal Time)
"687","5",Red,"IL",1,0,0,0,0,0,Mobility,Engaged,6,2,4,0,0,2,0,0,Park,"Only high placing",Fri Mar 31 2023 16:51:27 GMT+0000 (Coordinated Universal Time)
"2659","5",Blue,"KL",1,0,0,0,0,0,Mobility,None,1,1,1,0,0,1,0,3,None,"",Fri Mar 31 2023 16:51:27 GMT+0000 (Coordinated Universal Time)
"9084","5",Blue,"MR",1,0,0,0,0,0,Mobility,Engaged,0,6,0,0,0,0,0,6,Engaged,"pretty cool. time waste occured in middle of field near end of match. could have cycled",Fri Mar 31 2023 16:52:00 GMT+0000 (Coordinated Universal Time)
"3759","6",Blue,"KL",0,0,0,0,0,0,Mobility,None,2,1,0,0,1,0,0,1,Docked,"Bad driver bad bot ",Fri Mar 31 2023 16:59:15 GMT+0000 (Coordinated Universal Time)
"2404","6",Blue,"HH",0,0,0,0,0,1,None,None,0,1,0,0,0,0,0,1,None,"Slow, bad intake extreme difficulty picking up pieces ",Fri Mar 31 2023 16:59:19 GMT+0000 (Coordinated Universal Time)
"681","Match 6",Red,"AS",0,0,0,0,0,0,None,Attempted,0,3,0,0,0,0,2,1,Engaged,"",Fri Mar 31 2023 16:59:20 GMT+0000 (Coordinated Universal Time)
"7607","6",Red,"Lg",0,0,1,0,0,0,Attempted Mobility,None,0,0,0,0,0,0,0,0,Park,"Asssssssssssssssss",Fri Mar 31 2023 16:59:21 GMT+0000 (Coordinated Universal Time)
"7157","6",Blue,"LL",0,0,0,0,0,0,Mobility,Docked,6,5,2,2,1,1,1,2,Docked,"Auto failed (no high cone placed). Inconsistent shooting (took 3 tries to place high cone)",Fri Mar 31 2023 16:59:36 GMT+0000 (Coordinated Universal Time)
"2404","6",Blue,"MR",0,0,0,0,0,0,None,None,2,1,0,0,0,0,0,2,None,"mechanism is slow and poorly holds game pieces. may illegally extend. NO PICK",Fri Mar 31 2023 16:59:49 GMT+0000 (Coordinated Universal Time)
"691","6",Red,"IL",0,0,0,0,0,0,Attempted Mobility,Docked,0,3,0,0,0,0,2,1,Engaged,"Slow, inaccurate scoring, trouble engaging.",Fri Mar 31 2023 17:00:37 GMT+0000 (Coordinated Universal Time)
"3669","Match 7",Red,"AS",1,0,0,0,0,0,Mobility,None,3,3,2,1,0,0,0,1,Park,"Dropped 2 in 3 cubes immediately after collecting",Fri Mar 31 2023 17:07:28 GMT+0000 (Coordinated Universal Time)
"6657","7",Blue,"LL",0,0,0,1,0,0,Mobility,Engaged,0,1,0,0,0,0,0,1,None,"Robot stopped working in the middle. Very poor intake",Fri Mar 31 2023 17:07:37 GMT+0000 (Coordinated Universal Time)
"4415","7",Red,"Lg",2,0,0,1,0,0,Mobility,None,4,2,2,2,0,1,1,0,Engaged,"Great cycles. Solid bot",Fri Mar 31 2023 17:07:53 GMT+0000 (Coordinated Universal Time)
"2073","7",Red,"IL",0,0,0,1,0,0,Mobility,Engaged,0,8,0,0,0,0,1,7,Engaged,"Engages somewhat early in match.",Fri Mar 31 2023 17:08:11 GMT+0000 (Coordinated Universal Time)
"6657","7",Red,"MR",0,0,0,1,0,0,None,Engaged,0,1,0,0,0,0,0,1,None,"drive seems competent? but is a tank bot with only side collect. strange auto high cube.",Fri Mar 31 2023 17:08:14 GMT+0000 (Coordinated Universal Time)
"399","7",Blue,"KL",0,0,0,0,1,0,Mobility,None,0,0,1,0,0,2,0,2,None,"Placed cubes in the same scoring zone, asshole drivers, attempted to balance but fell completely off the charge station",Fri Mar 31 2023 17:09:02 GMT+0000 (Coordinated Universal Time)
"4014","8",Red,"Lg",0,0,0,0,0,0,None,Engaged,0,0,0,0,0,0,0,0,Engaged,"Slowed down high tide a little with defense ",Fri Mar 31 2023 17:15:28 GMT+0000 (Coordinated Universal Time)
"6417","8",Blue,"LL",0,0,0,0,0,0,None,None,0,3,0,0,0,1,0,2,Engaged,"Auto failed (cube high). Very slow intake",Fri Mar 31 2023 17:15:37 GMT+0000 (Coordinated Universal Time)
"6060","Match 8",Red,"AS",0,0,0,0,0,1,Mobility,None,1,2,0,0,0,0,0,1,Engaged,"",Fri Mar 31 2023 17:15:45 GMT+0000 (Coordinated Universal Time)
"980","8",Blue,"HH",0,0,0,0,0,0,None,None,2,1,1,0,1,0,0,2,Engaged,"Slow, no auto, difficult in sub station",Fri Mar 31 2023 17:16:00 GMT+0000 (Coordinated Universal Time)
"4014","8",Red,"IL",0,0,0,0,0,0,Mobility,Engaged,0,0,0,0,0,0,0,0,Engaged,"No intake, just defense and engage. Too light to effectively defend.",Fri Mar 31 2023 17:16:22 GMT+0000 (Coordinated Universal Time)
"4414","8",Blue,"KL",0,2,0,0,0,0,Mobility,Engaged,6,7,4,0,0,2,1,4,None,"Grabbed a misplaced cube on the grid and placed it high to create a link",Fri Mar 31 2023 17:16:35 GMT+0000 (Coordinated Universal Time)
"6305","9",Blue,"JW",0,0,0,0,0,1,Mobility,None,1,0,0,0,1,0,0,0,Park,"Bad driver and broken intake",Fri Mar 31 2023 17:25:40 GMT+0000 (Coordinated Universal Time)
"4698","9",Red,"Jay M",0,1,0,0,0,0,Mobility,None,0,0,0,2,0,0,1,5,None,"",Fri Mar 31 2023 17:25:42 GMT+0000 (Coordinated Universal Time)
"4079","9",Red,"LP",0,0,0,0,0,1,Mobility,Engaged,0,0,0,0,0,0,0,0,Engaged,"Tried a high node auto cube but failed and fell into low node",Fri Mar 31 2023 17:25:45 GMT+0000 (Coordinated Universal Time)
"5869","9",Red,"MR",0,0,0,0,0,0,None,None,0,0,0,0,0,0,0,2,Engaged,"no collect. poor movement. tank. no auto",Fri Mar 31 2023 17:25:57 GMT+0000 (Coordinated Universal Time)
"3476","9",Blue,"AJ",2,0,0,0,0,0,Mobility,Docked,2,6,2,0,0,2,0,4,Engaged,"Very consistent scorer and fast",Fri Mar 31 2023 17:26:08 GMT+0000 (Coordinated Universal Time)
"2375","9",Red,"JJR",0,0,1,0,0,0,Mobility,None,0,3,0,0,0,0,0,2,Engaged,"Lots of cube shuttling, good driving from a bad bot",Fri Mar 31 2023 17:26:22 GMT+0000 (Coordinated Universal Time)
"8060","10",Blue,"AJ",0,0,0,0,0,0,None,None,0,0,0,0,0,0,0,0,None,"Disabled the entire game ",Fri Mar 31 2023 17:35:38 GMT+0000 (Coordinated Universal Time)
"691","10",Blue,"MR",0,0,0,0,0,0,Mobility,None,0,0,0,0,0,0,0,1,None,"defense. no scoring. disabled mid match",Fri Mar 31 2023 17:36:40 GMT+0000 (Coordinated Universal Time)
"10","7607",Red,"JJR",0,0,0,0,0,0,Mobility,None,0,0,0,0,1,0,0,0,Park,"Yikes after autos no movement ",Fri Mar 31 2023 17:36:47 GMT+0000 (Coordinated Universal Time)
"9084","10",Red,"LP",1,0,0,0,0,0,Mobility,Engaged,2,5,2,0,0,0,1,4,Engaged,"One of our teammates was disabled in community zone",Fri Mar 31 2023 17:36:49 GMT+0000 (Coordinated Universal Time)
"3512","10",Red,"Jay M",0,0,1,0,0,0,Mobility,None,0,8,0,0,0,0,1,2,Engaged,"Failed a ton of places",Fri Mar 31 2023 17:36:56 GMT+0000 (Coordinated Universal Time)
"7157","10",Blue,"JW",1,0,0,0,0,0,Mobility,Docked,7,4,3,2,1,3,0,0,Engaged,"",Fri Mar 31 2023 17:37:18 GMT+0000 (Coordinated Universal Time)
"8888","11",Red,"LP",0,0,1,0,0,0,Mobility,None,2,0,0,2,0,0,0,0,Engaged,"Only double substation intake",Fri Mar 31 2023 17:44:02 GMT+0000 (Coordinated Universal Time)
"1197","11",Blue,"AJ",0,0,1,0,0,0,Attempted Mobility,None,0,0,0,0,0,0,0,0,Engaged,"Very slow and stuttery cannot pick pieces up",Fri Mar 31 2023 17:44:02 GMT+0000 (Coordinated Universal Time)
"3749","11",Blue,"JW",1,0,0,0,0,0,Mobility,None,4,2,3,0,1,2,0,0,Engaged,"",Fri Mar 31 2023 17:44:05 GMT+0000 (Coordinated Universal Time)
"6072","11",Red,"Jay M",0,0,0,0,1,0,None,Attempted,0,2,0,0,0,0,0,2,Engaged,"",Fri Mar 31 2023 17:44:06 GMT+0000 (Coordinated Universal Time)
"5012","11",Blue,"MR",0,0,0,0,0,0,None,None,0,0,0,0,0,0,0,1,Engaged,"fast drive but did not collect. poor intake.",Fri Mar 31 2023 17:44:19 GMT+0000 (Coordinated Universal Time)
"2404","11",Red,"JJR",0,0,0,0,0,1,None,None,0,1,0,0,0,0,0,1,Engaged,"Literally falling apart on field, autos bad just twitching,slow .. DON'T ALLIANCE ",Fri Mar 31 2023 17:45:12 GMT+0000 (Coordinated Universal Time)
"2404","11",Red,"JJR",0,0,0,0,0,1,None,None,0,1,0,0,0,0,0,1,Engaged,"Literally falling apart on field, autos bad just twitching,slow .. DON'T ALLIANCE ",Fri Mar 31 2023 17:46:31 GMT+0000 (Coordinated Universal Time)
"2659","12",Blue,"JW ",1,0,0,1,0,0,Mobility,None,3,3,3,0,0,0,0,2,Park,"",Fri Mar 31 2023 17:51:46 GMT+0000 (Coordinated Universal Time)
"3759","12",Red,"LP",0,0,0,0,0,0,Mobility,None,0,0,0,0,0,0,0,0,Engaged,"Didn’t pick up any pieces ",Fri Mar 31 2023 17:51:48 GMT+0000 (Coordinated Universal Time)
"5124","12",Blue,"AJ",0,0,0,1,0,0,Mobility,None,0,2,0,0,0,1,0,0,Docked,"Cannot floor collect and inconsistent shooter",Fri Mar 31 2023 17:52:01 GMT+0000 (Coordinated Universal Time)
"8768","12",Blue,"MR",0,0,0,0,0,1,None,Engaged,4,1,2,2,0,0,1,2,Docked,"somewhat quick. intake seems secure. placement sometimes requires manual adjustment",Fri Mar 31 2023 17:52:23 GMT+0000 (Coordinated Universal Time)
"687","12",Red,"Jay M",1,0,0,0,0,0,Attempted Mobility,Attempted,5,2,5,0,0,2,0,0,Engaged,"",Fri Mar 31 2023 17:52:24 GMT+0000 (Coordinated Universal Time)
"7042","12",Red,"JJR",0,0,0,1,0,0,Mobility,None,2,0,0,0,1,0,0,0,None,"Struggling with crane style intake,dropped cones could only pickup cones from the loading zone and drop on bottom ",Fri Mar 31 2023 17:52:27 GMT+0000 (Coordinated Universal Time)
"980","13",Red,"Jay M",0,1,0,0,0,0,None,None,0,0,0,0,0,0,0,0,None,"Donut auto. Disabled",Fri Mar 31 2023 18:00:55 GMT+0000 (Coordinated Universal Time)
"4419","13",Red,"LP",0,1,0,0,0,0,Mobility,None,3,3,0,2,1,0,2,2,Engaged,"",Fri Mar 31 2023 18:00:56 GMT+0000 (Coordinated Universal Time)
"6657","13",Blue,"JW",0,0,0,0,0,0,None,None,0,3,0,0,0,0,0,3,Engaged,"",Fri Mar 31 2023 18:01:01 GMT+0000 (Coordinated Universal Time)
"4414","13",Blue,"AJ",0,2,0,0,0,0,Mobility,Engaged,3,7,4,0,0,1,2,4,Park,"Amazing cycle times. Cube got stuck in intake sometimes though.",Fri Mar 31 2023 18:01:28 GMT+0000 (Coordinated Universal Time)
"981","13",Blue,"MR",0,0,0,0,0,1,Mobility,None,0,2,0,0,0,0,0,1,Engaged,"very slow and janky  drive. innaccurate placement.",Fri Mar 31 2023 18:01:41 GMT+0000 (Coordinated Universal Time)
"4079","13",Red,"JJR",0,0,0,0,0,1,Mobility,None,2,0,0,0,2,0,0,0,Engaged,"Rammed into the wall at full speed and couldn't use claw for a while ",Fri Mar 31 2023 18:02:03 GMT+0000 (Coordinated Universal Time)
"6060","14",Blue,"AJ",0,0,0,0,0,0,Mobility,None,0,0,0,0,0,0,0,0,Engaged,"Janky ass trash robot literally garbage slow af tank drive arm floppy as fuck  bad shitty robot cant even defend smh",Fri Mar 31 2023 18:08:46 GMT+0000 (Coordinated Universal Time)
"9084","14",Blue,"JW",1,0,0,0,0,0,Mobility,Engaged,0,7,0,0,0,0,0,7,Park,"",Fri Mar 31 2023 18:08:49 GMT+0000 (Coordinated Universal Time)
"3512","14",Red,"LP",0,0,1,0,0,0,None,Attempted,0,8,0,0,0,0,0,8,Docked,"",Fri Mar 31 2023 18:09:04 GMT+0000 (Coordinated Universal Time)
"6305","14",Red,"JJR",0,0,0,0,1,0,Mobility,None,0,0,0,0,0,0,0,0,Park,"Slow tank bot mediocre defence",Fri Mar 31 2023 18:09:16 GMT+0000 (Coordinated Universal Time)
"6305","14",Red,"JJR",0,0,0,0,1,0,Mobility,None,0,0,0,0,0,0,0,0,Park,"Slow tank bot mediocre defence",Fri Mar 31 2023 18:09:21 GMT+0000 (Coordinated Universal Time)
"6305","14",Red,"JJR",0,0,0,0,1,0,Mobility,None,0,0,0,0,0,0,0,0,Park,"Slow tank bot mediocre defence",Fri Mar 31 2023 18:09:24 GMT+0000 (Coordinated Universal Time)
"6305","14",Red,"JJR",0,0,0,0,1,0,Mobility,None,0,0,0,0,0,0,0,0,Park,"Slow tank bot mediocre defence",Fri Mar 31 2023 18:09:25 GMT+0000 (Coordinated Universal Time)
"6305","14",Red,"JJR",0,0,0,0,1,0,Mobility,None,0,0,0,0,0,0,0,0,Park,"Slow tank bot mediocre defence",Fri Mar 31 2023 18:09:25 GMT+0000 (Coordinated Universal Time)
"6305","14",Red,"JJR",0,0,0,0,1,0,Mobility,None,0,0,0,0,0,0,0,0,Park,"Slow tank bot mediocre defence",Fri Mar 31 2023 18:09:26 GMT+0000 (Coordinated Universal Time)
"6305","14",Red,"JJR",0,0,0,0,1,0,Mobility,None,0,0,0,0,0,0,0,0,Park,"Slow tank bot mediocre defence",Fri Mar 31 2023 18:09:26 GMT+0000 (Coordinated Universal Time)
"4415","14",Red,"Jay M",1,0,0,1,0,0,Mobility,None,5,2,3,2,0,1,0,0,Docked,"",Fri Mar 31 2023 18:09:27 GMT+0000 (Coordinated Universal Time)
"6305","14",Red,"JJR",0,0,0,0,1,0,Mobility,None,0,0,0,0,0,0,0,0,Park,"Slow tank bot mediocre defence",Fri Mar 31 2023 18:09:27 GMT+0000 (Coordinated Universal Time)
"6305","14",Red,"JJR",0,0,0,0,1,0,Mobility,None,0,0,0,0,0,0,0,0,Park,"Slow tank bot mediocre defence",Fri Mar 31 2023 18:09:27 GMT+0000 (Coordinated Universal Time)
"6305","14",Red,"JJR",0,0,0,0,1,0,Mobility,None,0,0,0,0,0,0,0,0,Park,"Slow tank bot mediocre defence",Fri Mar 31 2023 18:09:28 GMT+0000 (Coordinated Universal Time)
"6305","14",Red,"JJR",0,0,0,0,1,0,Mobility,None,0,0,0,0,0,0,0,0,Park,"Slow tank bot mediocre defence",Fri Mar 31 2023 18:09:28 GMT+0000 (Coordinated Universal Time)
"6305","14",Red,"JJR",0,0,0,0,1,0,Mobility,None,0,0,0,0,0,0,0,0,Park,"Slow tank bot mediocre defence",Fri Mar 31 2023 18:09:29 GMT+0000 (Coordinated Universal Time)
"3476","14",Blue,"MR",1,0,1,1,0,0,Mobility,None,4,3,4,0,0,2,0,1,Engaged,"quick and good. human player needs to think ahead.",Fri Mar 31 2023 18:09:29 GMT+0000 (Coordinated Universal Time)
"6305","14",Red,"JJR",0,0,0,0,1,0,Mobility,None,0,0,0,0,0,0,0,0,Park,"Slow tank bot mediocre defence",Fri Mar 31 2023 18:09:29 GMT+0000 (Coordinated Universal Time)
"3512","14",Red,"LP",0,0,1,0,0,0,None,Attempted,0,8,0,0,0,0,0,8,Docked,"",Fri Mar 31 2023 18:09:36 GMT+0000 (Coordinated Universal Time)
"8060","15",Blue,"AJ",0,0,0,0,0,0,None,None,0,0,0,0,0,0,0,0,None,"Shitty ass robot bruh doesn’t look like it can defend either",Fri Mar 31 2023 18:17:31 GMT+0000 (Coordinated Universal Time)
"6417","15",Red,"LP",0,0,0,1,0,0,None,None,1,1,1,0,0,1,0,0,Engaged,"",Fri Mar 31 2023 18:17:32 GMT+0000 (Coordinated Universal Time)
"5012","15",Blue,"JW",0,0,0,0,0,0,None,Engaged,0,0,0,0,0,0,0,0,Engaged,"Intake broke bc collision ",Fri Mar 31 2023 18:17:34 GMT+0000 (Coordinated Universal Time)
"8888","15",Red,"Jay M",1,0,0,0,0,0,Attempted Mobility,None,1,0,0,0,0,0,0,0,Park,"Ass",Fri Mar 31 2023 18:17:36 GMT+0000 (Coordinated Universal Time)
"5869","15",Blue,"MR",0,0,0,0,0,1,Mobility,None,1,0,0,0,2,0,0,0,None,"auto penalty: went too far. brownouts. do not pick",Fri Mar 31 2023 18:17:49 GMT+0000 (Coordinated Universal Time)
"7157","15",Red,"JJR",1,0,0,1,0,0,Mobility,Engaged,0,1,0,0,2,0,0,0,Engaged,"Fell over but self righted and got a cone stuck in intake and slammed around field trying to dislodge",Fri Mar 31 2023 18:18:14 GMT+0000 (Coordinated Universal Time)
"4698","16",Red,"LP",0,0,0,0,0,0,None,Engaged,2,3,0,3,0,0,3,1,None,"",Fri Mar 31 2023 18:24:11 GMT+0000 (Coordinated Universal Time)
"1197","16",Red,"Jay M",0,0,0,0,0,0,Attempted Mobility,None,2,0,0,3,0,0,0,0,Engaged,"",Fri Mar 31 2023 18:24:12 GMT+0000 (Coordinated Universal Time)
"7042","16",Blue,"JW",0,0,0,1,0,0,Mobility,None,0,1,0,0,1,1,0,1,Docked,"Intake looks really weak",Fri Mar 31 2023 18:24:12 GMT+0000 (Coordinated Universal Time)
"4014","16",Red,"JJR",0,0,0,0,0,0,Mobility,None,0,0,0,0,0,0,0,0,Engaged,"Fast tank good def platform",Fri Mar 31 2023 18:24:37 GMT+0000 (Coordinated Universal Time)
"8768","16",Blue,"AJ",0,0,0,0,0,1,Mobility,None,2,0,0,0,2,0,0,0,Docked,"Bad. Slow pickup and you can defend easily against them because of their slowness",Fri Mar 31 2023 18:24:38 GMT+0000 (Coordinated Universal Time)
"3669","16",Blue,"MR",1,0,0,0,0,0,Mobility,Engaged,5,0,3,2,0,0,0,0,None,"suction cup intake seems a touch slow. not terrible. no dropped cones this time but looks possible",Fri Mar 31 2023 18:24:59 GMT+0000 (Coordinated Universal Time)
"5124","17",Blue,"LL",0,0,0,1,0,0,Mobility,None,0,4,0,0,0,1,0,2,None,"Bad shooting",Fri Mar 31 2023 18:31:30 GMT+0000 (Coordinated Universal Time)
"3759","17",Red,"DAN",0,0,0,0,0,0,Mobility,None,2,0,0,0,1,0,0,0,Engaged,"Poor mobility, hardly able to collect. Kinda sus ",Fri Mar 31 2023 18:31:33 GMT+0000 (Coordinated Universal Time)
"691","Qual 17",Red,"AS",0,0,0,0,0,0,Mobility,None,0,3,0,0,0,0,1,3,Engaged,"",Fri Mar 31 2023 18:31:36 GMT+0000 (Coordinated Universal Time)
"399","17",Blue,"KL",0,0,0,0,1,0,None,None,0,6,0,0,0,0,0,4,None,"Driver seemed confused",Fri Mar 31 2023 18:32:14 GMT+0000 (Coordinated Universal Time)
"2375","17",Red,"IL",0,0,1,0,0,0,None,None,2,1,0,1,1,0,0,1,Park,"",Fri Mar 31 2023 18:32:41 GMT+0000 (Coordinated Universal Time)
"3749","17",Red,"Lg",1,0,0,1,0,0,None,Engaged,3,2,2,0,0,0,1,0,Engaged,"Solid bot",Fri Mar 31 2023 18:33:20 GMT+0000 (Coordinated Universal Time)
"2073","18",Blue,"LL",0,0,0,1,0,0,Mobility,Engaged,3,2,2,0,1,1,0,1,None,"Intake very slow. Fast robot",Fri Mar 31 2023 18:38:46 GMT+0000 (Coordinated Universal Time)
"7607","18",Blue,"Lg",0,0,0,0,0,1,None,None,0,2,0,0,0,1,0,0,None,"Attempted engage",Fri Mar 31 2023 18:38:51 GMT+0000 (Coordinated Universal Time)
"6072","18",Blue,"KL",0,0,0,0,0,1,Mobility,None,0,3,0,0,0,0,0,2,None,"Slow intake, played good defense though",Fri Mar 31 2023 18:38:51 GMT+0000 (Coordinated Universal Time)
"687","18",Red,"DAN",1,0,0,0,0,0,None,Docked,6,2,2,3,0,1,1,0,Park,"Very consistent cycles and accurate placements",Fri Mar 31 2023 18:39:03 GMT+0000 (Coordinated Universal Time)
"2659","Quality 18",Red,"AS",1,0,0,1,0,0,Mobility,None,3,5,2,0,1,1,0,4,Engaged,"",Fri Mar 31 2023 18:39:08 GMT+0000 (Coordinated Universal Time)
"2404","18",Red,"IL",0,0,0,0,0,1,Mobility,None,0,0,0,0,0,0,0,1,Engaged,"Intake collapsed midgame.",Fri Mar 31 2023 18:39:20 GMT+0000 (Coordinated Universal Time)
"4079","19",Blue,"Lg",0,0,0,0,0,1,Mobility,Attempted,1,1,0,0,1,0,0,1,Park,"Broke down?",Fri Mar 31 2023 18:48:08 GMT+0000 (Coordinated Universal Time)
"6657","19",Blue,"LL",0,0,0,1,0,0,Mobility,None,0,3,0,0,0,0,0,2,Engaged,"2 bot balance. Robot stopped moving in the middle then started back up again. Fast",Fri Mar 31 2023 18:48:15 GMT+0000 (Coordinated Universal Time)
"3512","19",Red,"DAN",1,0,0,0,0,0,Mobility,None,1,6,1,0,0,0,0,6,Engaged,"Consistent cube cycles. Looks like they could’ve gone high but went for mainly low cubes",Fri Mar 31 2023 18:48:24 GMT+0000 (Coordinated Universal Time)
"6417","Qual 19",Red,"AS",0,0,0,1,0,0,None,Engaged,2,1,2,0,0,0,0,1,Engaged,"",Fri Mar 31 2023 18:49:25 GMT+0000 (Coordinated Universal Time)
"4415","19",Blue,"KL",1,0,0,0,0,0,Mobility,None,5,1,5,0,1,1,0,0,Engaged,"Tried to get second cube placed in autos but failed. Good team",Fri Mar 31 2023 18:49:31 GMT+0000 (Coordinated Universal Time)
"4415","19",Blue,"KL",1,0,0,0,0,0,Mobility,None,7,1,5,0,1,1,0,0,Engaged,"Tried to get second cube placed in autos but failed. Good team",Fri Mar 31 2023 18:49:42 GMT+0000 (Coordinated Universal Time)
"5012","19",Red,"IL",0,0,0,0,0,0,None,None,0,0,0,0,0,0,0,0,None,"Defense only",Fri Mar 31 2023 18:50:41 GMT+0000 (Coordinated Universal Time)
"3476","20",Red,"IL",1,0,1,1,0,0,Mobility,None,5,2,4,0,1,2,0,0,Engaged,"Very good auto mobility",Fri Mar 31 2023 18:55:56 GMT+0000 (Coordinated Universal Time)
"8768","Qual 20",Red,"AS",0,0,0,0,0,1,None,Engaged,2,2,0,2,0,0,1,0,Engaged,"Dropped a cube",Fri Mar 31 2023 18:55:58 GMT+0000 (Coordinated Universal Time)
"399","21",Blue,"LL",0,0,0,0,1,0,Mobility,None,0,5,0,0,0,1,0,4,None,"Fast. Good intake. Bad high shooting ",Fri Mar 31 2023 19:03:23 GMT+0000 (Coordinated Universal Time)
"5124","Qual 21",Red,"AS",0,0,0,1,0,0,Mobility,None,0,0,0,0,0,0,0,0,None,"No motion in teleop",Fri Mar 31 2023 19:04:05 GMT+0000 (Coordinated Universal Time)
"399","21",Blue,"LL",0,0,0,0,1,0,Mobility,None,0,5,0,0,0,1,0,4,Engaged,"Fast. Good intake. Bad high shooting. One bot balance. Sorry I submitted this twice",Fri Mar 31 2023 19:04:05 GMT+0000 (Coordinated Universal Time)
"6305","21",Blue,"KL",0,0,0,0,0,1,Mobility,None,3,2,0,2,0,0,0,0,None,"Slow",Fri Mar 31 2023 19:04:08 GMT+0000 (Coordinated Universal Time)
"981","21",Red,"DAN",0,0,0,0,0,1,Mobility,None,0,2,0,0,0,0,0,1,Docked,"Unreliable collect",Fri Mar 31 2023 19:04:12 GMT+0000 (Coordinated Universal Time)
"8888","21",Blue,"Lg",0,0,0,0,0,0,Mobility,None,2,0,2,0,0,0,0,0,Park,"Attempted charge station",Fri Mar 31 2023 19:04:19 GMT+0000 (Coordinated Universal Time)
"7042","21",Red,"IL",0,0,0,1,0,0,Mobility,Engaged,2,0,1,0,0,0,0,0,Docked,"Inaccurate scoring",Fri Mar 31 2023 19:04:43 GMT+0000 (Coordinated Universal Time)
"5869","22",Red,"DAN",0,0,0,0,0,0,None,None,0,0,0,0,1,0,0,0,None,"Pushed in 1 cone then disabled",Fri Mar 31 2023 20:21:09 GMT+0000 (Coordinated Universal Time)
"2375","22",Blue,"LL",0,0,0,0,0,0,Mobility,None,1,2,0,0,1,0,0,2,None,"Unreliable shooting",Fri Mar 31 2023 20:21:13 GMT+0000 (Coordinated Universal Time)
"4014","22",Red,"IL",0,0,0,0,0,0,Mobility,Engaged,0,0,0,0,0,0,0,0,Engaged,"Increased weight, still no intake, good defense.",Fri Mar 31 2023 20:21:32 GMT+0000 (Coordinated Universal Time)
"3759","Qual 22",Red,"AS",0,0,0,0,0,1,Mobility,None,1,0,0,0,1,0,0,0,None,"",Fri Mar 31 2023 20:21:33 GMT+0000 (Coordinated Universal Time)
"9084","22",Blue,"KL",1,0,0,0,0,0,Mobility,Engaged,1,6,0,0,0,0,0,6,Engaged,"Such a good team can you believe they’re rookies???",Fri Mar 31 2023 20:21:54 GMT+0000 (Coordinated Universal Time)
"2073","22",Blue,"Lg",0,0,0,1,0,0,Mobility,None,3,1,3,0,0,1,0,0,Engaged,"Outtake is good but collecting from double charge was difficult ",Fri Mar 31 2023 20:22:16 GMT+0000 (Coordinated Universal Time)
"9084","22",Blue,"MR",1,0,0,0,0,0,Mobility,Engaged,1,6,0,0,0,0,0,6,Engaged,"epic evade on defense. but cycle time was decreased because of it. driving method a little harder as expected",Fri Mar 31 2023 20:23:51 GMT+0000 (Coordinated Universal Time)
"2659","23",Red,"DAN",1,0,0,0,0,0,Mobility,None,0,0,0,0,0,0,0,0,None,"Got disabled for being dangerous",Fri Mar 31 2023 20:28:06 GMT+0000 (Coordinated Universal Time)
"2404","23",Blue,"KL",0,0,0,0,0,1,Attempted Mobility,None,1,1,0,0,1,0,0,0,Engaged,"Slow and wobbly bot",Fri Mar 31 2023 20:29:48 GMT+0000 (Coordinated Universal Time)
"980","Qual 23",Red,"AS",0,0,0,0,0,1,None,None,3,0,1,1,1,0,0,0,Engaged,"",Fri Mar 31 2023 20:29:55 GMT+0000 (Coordinated Universal Time)
"691","23",Blue,"LL",0,0,0,0,0,0,Mobility,None,0,4,0,0,0,0,0,5,Engaged,"2 bot balance. Very bad robot overall. Their arm is made of tape",Fri Mar 31 2023 20:30:04 GMT+0000 (Coordinated Universal Time)
"7157","23",Red,"IL",1,0,0,1,0,0,Mobility,Engaged,6,3,4,1,2,2,1,0,Engaged,"",Fri Mar 31 2023 20:30:13 GMT+0000 (Coordinated Universal Time)
"3669","23",Blue,"Lg",1,0,0,0,0,0,None,Engaged,5,0,2,1,2,1,0,0,Park,"Actually decent",Fri Mar 31 2023 20:30:22 GMT+0000 (Coordinated Universal Time)
"7607","24",Blue,"LL",0,0,0,0,0,0,Mobility,None,0,0,0,0,0,0,0,0,Engaged,"2 bot balance. Intake broken? Just played defense",Fri Mar 31 2023 20:38:26 GMT+0000 (Coordinated Universal Time)
"4698","24",Blue,"Lg",0,1,0,0,0,0,Mobility,None,4,2,0,2,2,0,2,0,Park,"Decent performance. Almost tipped ",Fri Mar 31 2023 20:38:58 GMT+0000 (Coordinated Universal Time)
"4414","24",Red,"DAN",0,1,0,0,0,0,Mobility,None,1,3,0,1,0,0,1,2,None,"RIP their drivetrain",Fri Mar 31 2023 20:39:00 GMT+0000 (Coordinated Universal Time)
"687","24",Blue,"KL",0,1,0,0,0,0,Mobility,None,5,2,3,1,0,2,0,0,Engaged,"Good team- think about alliancing",Fri Mar 31 2023 20:39:03 GMT+0000 (Coordinated Universal Time)
"6072","24",Red,"IL",0,0,0,0,0,1,Attempted Mobility,Attempted,0,1,0,0,0,0,0,1,Engaged,"Terrible intake design, slow movement.",Fri Mar 31 2023 20:39:21 GMT+0000 (Coordinated Universal Time)
"3749","Qual 24",Red,"AS",1,0,0,0,0,0,Mobility,None,2,4,1,0,1,1,0,3,Engaged,"",Fri Mar 31 2023 20:40:11 GMT+0000 (Coordinated Universal Time)
"8888","25",Red,"LP",1,0,0,0,0,0,Mobility,None,3,0,2,0,1,0,0,0,Engaged,"",Fri Mar 31 2023 20:45:49 GMT+0000 (Coordinated Universal Time)
"8060","25",Red,"Jay M",0,0,0,0,0,0,None,None,0,1,0,0,0,0,1,1,Park,"Ass",Fri Mar 31 2023 20:45:52 GMT+0000 (Coordinated Universal Time)
"7042","25",Blue,"LL",0,0,0,1,0,0,Mobility,None,2,1,1,0,1,1,0,0,Engaged,"3 bot balance. Auto bad it drove into other community and got foul. Intake and shooting very bad and slow ",Fri Mar 31 2023 20:46:09 GMT+0000 (Coordinated Universal Time)
"4415","25",Red,"JJR",1,0,0,1,0,0,Mobility,None,3,1,2,2,0,1,0,0,Engaged,"Plowed through a def robot ",Fri Mar 31 2023 20:46:11 GMT+0000 (Coordinated Universal Time)
"4419","25",Red,"HH",1,0,0,0,0,0,Mobility,None,4,2,0,3,0,0,1,0,Engaged,"Top heavy ",Fri Mar 31 2023 20:46:24 GMT+0000 (Coordinated Universal Time)
"4079","25",Blue,"JW",0,0,0,1,0,0,Mobility,None,0,0,0,0,0,0,0,0,Engaged,"Def only, parked in front of community of other side",Fri Mar 31 2023 20:46:38 GMT+0000 (Coordinated Universal Time)
"8768","26",Blue,"LL",0,0,0,0,0,1,Mobility,None,4,1,2,2,0,1,0,0,Docked,"Fairly good. Intake a little slow",Fri Mar 31 2023 20:57:17 GMT+0000 (Coordinated Universal Time)
"5124","26",Red,"Jay M",0,0,0,1,0,0,None,None,0,3,0,0,0,0,0,3,Engaged,"",Fri Mar 31 2023 20:57:25 GMT+0000 (Coordinated Universal Time)
"2476","26",Red,"HH",1,0,0,0,0,0,None,Engaged,5,3,4,0,0,3,0,0,Engaged,"Really good ",Fri Mar 31 2023 20:57:27 GMT+0000 (Coordinated Universal Time)
"3476","26",Red,"JJR",2,0,0,0,0,0,Mobility,Engaged,5,2,4,0,1,2,0,0,Engaged,"Tried to place a cube where there already was one twice ",Fri Mar 31 2023 20:57:28 GMT+0000 (Coordinated Universal Time)
"3476","26",Red,"JJR",2,0,0,0,0,0,Mobility,Engaged,5,2,4,0,1,2,0,0,Engaged,"Tried to place a cube where there already was one twice ",Fri Mar 31 2023 20:57:57 GMT+0000 (Coordinated Universal Time)
"9084","26",Blue,"LP",1,0,0,0,0,0,Mobility,Engaged,1,7,1,0,0,0,0,7,None,"",Fri Mar 31 2023 20:58:50 GMT+0000 (Coordinated Universal Time)
"9084","26",Red,"MR",1,0,0,0,0,0,Mobility,Engaged,0,4,1,0,0,0,0,8,None,"fast and reliable. teammates causes delays.",Fri Mar 31 2023 21:00:15 GMT+0000 (Coordinated Universal Time)
"6417","26",Blue,"JW",0,0,0,1,0,0,Mobility,None,3,0,2,0,0,0,0,0,Docked,"",Fri Mar 31 2023 21:04:54 GMT+0000 (Coordinated Universal Time)
"6417","26",Blue,"JW",0,0,0,1,0,0,Mobility,None,3,0,2,0,0,0,0,0,Docked,"",Fri Mar 31 2023 21:04:55 GMT+0000 (Coordinated Universal Time)
"6417","26",Blue,"JW",0,0,0,1,0,0,Mobility,None,3,0,2,0,0,0,0,0,Docked,"",Fri Mar 31 2023 21:04:55 GMT+0000 (Coordinated Universal Time)
"2659","27",Blue,"LL",1,0,0,0,0,0,None,None,0,0,0,0,0,0,0,0,None,"Robot died and didn’t move",Fri Mar 31 2023 21:08:26 GMT+0000 (Coordinated Universal Time)
"3512","27",Blue,"JW",1,0,0,0,0,0,None,Docked,4,4,3,0,0,2,0,1,Engaged,"",Fri Mar 31 2023 21:08:44 GMT+0000 (Coordinated Universal Time)
"2375","27",Red,"LP",0,0,1,0,0,0,None,None,0,0,0,0,0,0,0,1,Engaged,"Pusher bot intake broken",Fri Mar 31 2023 21:08:44 GMT+0000 (Coordinated Universal Time)
"1197","27",Red,"HH",0,0,0,0,0,0,Mobility,None,2,2,0,0,1,1,0,0,Engaged,"Slow unreliable intake",Fri Mar 31 2023 21:08:46 GMT+0000 (Coordinated Universal Time)
"2659","27",Blue,"MR",1,0,0,0,0,0,None,None,0,0,0,0,0,0,0,0,None,"had a failed auto and disabled!",Fri Mar 31 2023 21:08:58 GMT+0000 (Coordinated Universal Time)
"1197","27",Red,"JJR",0,0,1,0,0,0,Mobility,None,2,2,0,0,1,1,0,1,Engaged,"",Fri Mar 31 2023 21:09:00 GMT+0000 (Coordinated Universal Time)
"981","27",Red,"Jay M",0,0,0,0,0,0,None,None,0,0,0,0,0,0,0,0,None,"Disabled",Fri Mar 31 2023 21:11:37 GMT+0000 (Coordinated Universal Time)
"7607","28",Red,"Jay M",0,0,0,0,0,0,None,None,0,1,0,0,0,0,0,2,None,"",Fri Mar 31 2023 21:16:01 GMT+0000 (Coordinated Universal Time)
"7607","28",Red,"Jay M",0,0,0,0,0,0,None,None,0,1,0,0,0,0,0,2,None,"Ass",Fri Mar 31 2023 21:16:47 GMT+0000 (Coordinated Universal Time)
"5869","28",Red,"LP",0,0,0,0,0,0,None,None,0,0,0,0,0,0,0,1,Engaged,"Broken intake only defense ",Fri Mar 31 2023 21:17:00 GMT+0000 (Coordinated Universal Time)
"6305","28",Red,"JJR",0,0,0,0,0,1,None,None,0,2,0,0,0,0,0,2,Engaged,"Slooooooooooooooow",Fri Mar 31 2023 21:17:07 GMT+0000 (Coordinated Universal Time)
"3749","28",Blue,"JW",1,0,0,0,0,0,Mobility,None,0,0,0,0,0,0,0,0,None,"Played defense, bumper turned red? ",Fri Mar 31 2023 21:17:11 GMT+0000 (Coordinated Universal Time)
"6657","28",Blue,"LL",0,0,0,0,1,0,Mobility,None,0,3,0,0,0,0,0,3,Engaged,"2 bot balance. Auto failed (drove into other community and got foul). Can’t shoot mid/high consistently  ",Fri Mar 31 2023 21:17:21 GMT+0000 (Coordinated Universal Time)
"4414","28",Red,"",0,2,0,0,0,0,Mobility,Engaged,1,4,2,0,0,1,1,6,Engaged,"Could not keep up with game pieces picked up ",Fri Mar 31 2023 21:17:28 GMT+0000 (Coordinated Universal Time)
"687","29",Blue,"LL",1,0,0,0,0,0,Mobility,Docked,4,3,3,1,0,2,0,0,Docked,"Reliable shooting and intake",Fri Mar 31 2023 21:25:14 GMT+0000 (Coordinated Universal Time)
"5012","29",Blue,"JW",0,0,0,0,0,0,Mobility,None,0,0,0,0,0,0,0,0,None,"Defense only",Fri Mar 31 2023 21:25:15 GMT+0000 (Coordinated Universal Time)
"2073","29",Red,"Jay M",0,0,0,1,0,0,None,None,0,7,0,0,0,0,0,7,Engaged,"",Fri Mar 31 2023 21:25:20 GMT+0000 (Coordinated Universal Time)
"4014","29",Red,"JJR",0,0,0,0,0,0,Mobility,None,0,0,0,0,0,0,0,0,Engaged,"Fast def not but did bump a bunch of prices to enemy",Fri Mar 31 2023 21:25:33 GMT+0000 (Coordinated Universal Time)
"7157","29",Red,"HH",1,0,0,1,0,0,Mobility,None,4,3,4,0,0,2,1,0,Engaged,"Difficulty in sub station ",Fri Mar 31 2023 21:26:41 GMT+0000 (Coordinated Universal Time)
"6072","29",Red,"LP",0,0,0,0,0,0,Mobility,None,0,1,0,0,0,1,0,1,Docked,"Arm is extremely slow",Fri Mar 31 2023 21:26:45 GMT+0000 (Coordinated Universal Time)
"4698","30",Red,"Jay M",0,0,1,0,0,0,Mobility,None,0,0,0,2,1,0,0,1,Engaged,"",Fri Mar 31 2023 21:31:53 GMT+0000 (Coordinated Universal Time)
"6060","30",Blue,"JW",0,0,0,0,0,1,Mobility,None,0,4,0,0,0,0,2,2,Park,"",Fri Mar 31 2023 21:31:56 GMT+0000 (Coordinated Universal Time)
"399","30",Red,"JJR",0,0,0,0,1,0,Mobility,None,0,6,0,0,0,2,1,2,Engaged,"",Fri Mar 31 2023 21:31:58 GMT+0000 (Coordinated Universal Time)
"980","30",Blue,"LL",0,0,0,0,0,1,Mobility,None,3,0,0,2,1,0,0,0,Engaged,"2 bot balance. Terrible intake",Fri Mar 31 2023 21:32:09 GMT+0000 (Coordinated Universal Time)
"691","30",Blue,"LP",0,0,0,0,0,0,None,None,0,3,0,0,0,0,0,4,Engaged,"",Fri Mar 31 2023 21:32:11 GMT+0000 (Coordinated Universal Time)
"3669","30",Red,"HH",1,0,0,0,0,0,Mobility,Engaged,5,0,3,0,2,0,0,0,Park,"All cone, very slow but steady ",Fri Mar 31 2023 21:32:21 GMT+0000 (Coordinated Universal Time)
"4419","31",Blue,"LL",0,0,0,0,0,1,Mobility,None,2,2,0,1,1,0,0,1,Engaged,"2 bot balance. Faulty intake",Fri Mar 31 2023 21:39:21 GMT+0000 (Coordinated Universal Time)
"3476","31",Red,"Jay M",1,0,1,0,0,0,Mobility,Docked,5,5,3,0,2,2,1,2,Engaged,"",Fri Mar 31 2023 21:39:43 GMT+0000 (Coordinated Universal Time)
"9084","31",Blue,"JW",1,0,0,0,0,0,Mobility,Engaged,1,9,1,0,0,2,0,7,Park,"",Fri Mar 31 2023 21:39:52 GMT+0000 (Coordinated Universal Time)
"2375","31",Red,"JJR",0,0,1,0,0,0,Mobility,None,0,1,0,0,0,0,0,1,None,"",Fri Mar 31 2023 21:39:54 GMT+0000 (Coordinated Universal Time)
"3759","31",Blue,"LP",0,0,0,0,0,0,Mobility,None,0,0,0,0,0,0,0,0,Engaged,"",Fri Mar 31 2023 21:40:24 GMT+0000 (Coordinated Universal Time)
"2404","31",Red,"HH",0,0,0,0,0,0,None,None,0,0,0,0,0,0,0,0,Engaged,"Slow top heavy wobbly forgot to full scout sry",Fri Mar 31 2023 21:41:03 GMT+0000 (Coordinated Universal Time)
"1197","32",Red,"LP",0,0,0,0,0,0,Mobility,None,1,1,2,0,0,1,0,1,Engaged,"",Fri Mar 31 2023 21:47:10 GMT+0000 (Coordinated Universal Time)
"5869","32",Blue,"JW",0,0,0,0,0,0,None,None,0,0,0,0,0,0,0,2,Engaged,"Defense",Fri Mar 31 2023 21:47:22 GMT+0000 (Coordinated Universal Time)
"5869","32",Blue,"JW",0,0,0,0,0,0,None,None,0,0,0,0,0,0,0,2,Engaged,"Defense",Fri Mar 31 2023 21:47:22 GMT+0000 (Coordinated Universal Time)
"3749","32",Red,"Jay M",1,0,0,0,0,0,Mobility,Engaged,4,1,4,0,0,1,0,0,Docked,"",Fri Mar 31 2023 21:47:26 GMT+0000 (Coordinated Universal Time)
"981","32",Red,"HH",0,0,0,0,0,1,Mobility,None,2,0,0,0,0,0,0,0,Park,"Slow and extremely top heavy ",Fri Mar 31 2023 21:47:28 GMT+0000 (Coordinated Universal Time)
"2659","32",Red,"JJR",1,0,0,0,0,0,None,None,0,6,0,0,0,2,0,4,Docked,"",Fri Mar 31 2023 21:47:33 GMT+0000 (Coordinated Universal Time)
"4415","32",Blue,"LL",1,0,0,0,0,0,Mobility,Engaged,4,3,3,0,1,2,0,1,Park,"Good auto. Very good robot overall. Efficient scoring and intake. ",Fri Mar 31 2023 21:47:45 GMT+0000 (Coordinated Universal Time)
"2659","32",Red,"JJR",1,0,0,0,0,0,None,None,0,6,0,0,0,2,0,4,Docked,"",Fri Mar 31 2023 21:47:47 GMT+0000 (Coordinated Universal Time)
"7157","33",Red,"DAN",1,0,0,0,0,0,Mobility,Attempted,6,5,5,1,0,2,1,2,Park,"Very solid",Fri Mar 31 2023 21:54:04 GMT+0000 (Coordinated Universal Time)
"6305","Qual 33",Red,"AS",0,0,0,0,0,1,Mobility,None,0,2,0,0,0,0,0,2,Engaged,"",Fri Mar 31 2023 21:54:06 GMT+0000 (Coordinated Universal Time)
"6657","33",Blue,"Lg",0,0,0,0,0,1,Mobility,None,0,4,0,0,0,0,0,4,Engaged,"Consistent ",Fri Mar 31 2023 21:54:22 GMT+0000 (Coordinated Universal Time)
"8768","33",Blue,"KL",1,0,0,0,0,1,None,Engaged,4,3,0,4,0,0,2,1,Engaged,"Pretty good, probably 2nd pick for us",Fri Mar 31 2023 21:54:33 GMT+0000 (Coordinated Universal Time)
"4014","33",Blue,"IL",0,0,0,0,0,0,Attempted Mobility,None,0,0,0,0,0,0,0,0,Engaged,"Good defense",Fri Mar 31 2023 21:55:01 GMT+0000 (Coordinated Universal Time)
"3512","Qual 34",Red,"AS",1,0,0,0,0,0,None,Docked,1,7,1,0,0,1,0,6,Park,"",Fri Mar 31 2023 22:02:24 GMT+0000 (Coordinated Universal Time)
"980","34",Red,"Jay M",0,0,0,0,0,1,None,None,1,1,0,0,1,0,0,1,Engaged,"",Fri Mar 31 2023 22:02:25 GMT+0000 (Coordinated Universal Time)
"687","34",Blue,"IL",1,0,0,0,0,0,Attempted Mobility,None,5,1,1,2,0,1,0,0,Engaged,"",Fri Mar 31 2023 22:02:41 GMT+0000 (Coordinated Universal Time)
"3512","34",Red,"DAN",1,0,0,0,0,0,Mobility,Docked,0,6,1,0,0,1,0,5,None,"Solid",Fri Mar 31 2023 22:02:54 GMT+0000 (Coordinated Universal Time)
"2073","34",Blue,"KL",1,0,0,0,0,0,Mobility,None,1,4,0,1,0,0,0,3,None,"Inconsistent data with this one, beginning of the match didn’t get recorded well",Fri Mar 31 2023 22:02:55 GMT+0000 (Coordinated Universal Time)
"4414","34",Blue,"Lg",1,0,0,1,0,0,Mobility,Engaged,6,3,6,0,0,3,0,1,Park,"Cracked ",Fri Mar 31 2023 22:03:02 GMT+0000 (Coordinated Universal Time)
"6060","Qual 35",Red,"AS",0,0,0,0,0,1,Mobility,None,0,3,0,0,0,0,2,0,Engaged,"",Fri Mar 31 2023 22:10:35 GMT+0000 (Coordinated Universal Time)
"5012","34",Red,"Jay M",0,0,0,0,0,1,Mobility,None,3,0,0,0,1,0,0,0,Docked,"Played defense",Fri Mar 31 2023 22:10:38 GMT+0000 (Coordinated Universal Time)
"3669","35",Red,"DAN",1,0,0,0,0,0,Mobility,Engaged,5,0,0,5,0,0,0,0,Park,"Only cone",Fri Mar 31 2023 22:10:43 GMT+0000 (Coordinated Universal Time)
"8060","35",Blue,"KL",0,0,0,0,0,0,Attempted Mobility,None,0,0,0,0,0,0,0,0,Park,"Entirely defense, tried to engage but couldn’t get it, I think their intake doesn’t work",Fri Mar 31 2023 22:11:04 GMT+0000 (Coordinated Universal Time)
"6060","Qual 35",Red,"AS",0,0,0,0,0,1,Mobility,None,0,3,0,0,0,0,2,0,Docked,"Correction for Qual 35. Disregard other entry. Robots fell of the charge station shortly after match ended; not engaged",Fri Mar 31 2023 22:11:33 GMT+0000 (Coordinated Universal Time)
"7042","35",Blue,"IL",0,0,0,1,0,0,None,None,1,0,0,0,0,0,0,0,Engaged,"Played defense, very wobbly.",Fri Mar 31 2023 22:11:44 GMT+0000 (Coordinated Universal Time)
"7607","35",Blue,"Lg",0,0,0,0,0,0,Mobility,None,0,2,0,0,0,0,1,1,Engaged,"Collection is a struggle ",Fri Mar 31 2023 22:12:04 GMT+0000 (Coordinated Universal Time)
"6072","36",Red,"DAN",0,0,0,0,1,0,Mobility,None,0,1,0,0,0,0,0,1,Engaged,"Defense",Fri Mar 31 2023 22:17:46 GMT+0000 (Coordinated Universal Time)
"399","36",Red,"Lg",0,0,0,0,1,0,Mobility,None,0,4,0,0,0,0,0,4,Engaged,"For such a big team.l, They suck",Fri Mar 31 2023 22:17:50 GMT+0000 (Coordinated Universal Time)
"4698","36",Red,"MR",0,0,0,0,0,0,None,Docked,3,3,0,2,0,0,1,2,None,"",Fri Mar 31 2023 22:17:59 GMT+0000 (Coordinated Universal Time)
"6417","Qual 36",Red,"AS",0,0,0,1,0,0,Mobility,None,3,0,2,0,0,0,0,0,Engaged,"",Fri Mar 31 2023 22:18:10 GMT+0000 (Coordinated Universal Time)
"4079","36",Blue,"IL",0,0,0,0,0,0,Attempted Mobility,None,2,1,2,0,0,1,0,0,Engaged,"Slow, in every way.",Fri Mar 31 2023 22:18:29 GMT+0000 (Coordinated Universal Time)
"2375","37",Red,"DAN",0,0,0,0,0,0,Mobility,Attempted,0,2,0,0,0,0,0,1,None,"Struggled w/ balancing ",Fri Mar 31 2023 22:25:41 GMT+0000 (Coordinated Universal Time)
"5124","Qual 37",Red,"AS",0,0,0,1,0,0,Mobility,None,0,1,0,0,0,0,0,2,None,"",Fri Mar 31 2023 22:25:56 GMT+0000 (Coordinated Universal Time)
"4014","37",Blue,"IL",0,0,0,0,0,0,Attempted Mobility,Engaged,0,0,0,0,0,0,0,0,Engaged,"Good defense, almost learned how to push game pieces",Fri Mar 31 2023 22:26:28 GMT+0000 (Coordinated Universal Time)
"6657","37",Red,"MR",0,0,0,0,0,1,None,None,0,3,0,0,0,0,0,4,Docked,"requires loading station. subpar robot but is driven as effectively as possible",Fri Mar 31 2023 22:26:43 GMT+0000 (Coordinated Universal Time)
"4415","37",Blue,"Lg",1,0,0,1,0,0,Mobility,None,5,1,4,0,1,1,0,0,Park,"Solid ",Fri Mar 31 2023 22:26:44 GMT+0000 (Coordinated Universal Time)
"2404","37",Blue,"KL",0,0,0,0,0,1,None,Engaged,0,0,0,0,0,0,0,0,None,"Defense only- no intake",Fri Mar 31 2023 22:28:23 GMT+0000 (Coordinated Universal Time)
"6305","38",Red,"DAN",0,0,0,0,0,1,Mobility,None,0,2,0,0,0,0,0,2,Engaged,"",Fri Mar 31 2023 22:32:51 GMT+0000 (Coordinated Universal Time)
"687","Qual 38",Red,"AS",1,0,0,0,0,0,None,None,4,3,2,2,0,2,1,0,Engaged,"",Fri Mar 31 2023 22:33:03 GMT+0000 (Coordinated Universal Time)
"3759","38",Blue,"Lg",0,0,0,0,0,0,Mobility,None,2,0,0,1,1,0,0,0,Engaged,"Meh",Fri Mar 31 2023 22:33:21 GMT+0000 (Coordinated Universal Time)
"980","38",Blue,"IL",0,0,0,0,0,1,None,None,0,0,0,0,1,0,0,1,Engaged,"Basic plaxement auto",Fri Mar 31 2023 22:33:26 GMT+0000 (Coordinated Universal Time)
"1197","38",Red,"KL",0,0,0,0,0,0,Mobility,None,1,1,0,0,1,0,0,1,None,"Missed cube in auto, engaged before endgame",Fri Mar 31 2023 22:34:13 GMT+0000 (Coordinated Universal Time)
"4419","38",Red,"MR",1,0,0,0,0,0,Mobility,None,1,3,0,0,0,1,0,2,Engaged,"unreliable intake especially cube loading station. ",Fri Mar 31 2023 22:35:25 GMT+0000 (Coordinated Universal Time)
"8768","39",Red,"DAN",0,0,0,0,0,0,None,None,2,1,2,0,1,0,0,0,Engaged,"Decent ",Fri Mar 31 2023 22:39:31 GMT+0000 (Coordinated Universal Time)
"7607","39",Blue,"Lg",0,0,0,0,0,0,None,None,1,0,0,1,1,0,0,0,Park,"Pathetic ",Fri Mar 31 2023 22:40:01 GMT+0000 (Coordinated Universal Time)
"3669","39",Blue,"IL",1,0,0,0,0,0,Attempted Mobility,None,4,1,0,4,0,0,0,1,Engaged,"",Fri Mar 31 2023 22:40:07 GMT+0000 (Coordinated Universal Time)
"8888","Qual 39",Red,"AS",1,0,0,0,0,0,Mobility,None,0,2,0,0,0,0,0,1,Engaged,"Brought cubes for other bots to place",Fri Mar 31 2023 22:40:09 GMT+0000 (Coordinated Universal Time)
"4414","39",Red,"MR",0,2,0,0,0,0,Mobility,Engaged,2,4,3,0,0,1,1,4,Engaged,"had a couple lame alignment times. mostly just good as always",Fri Mar 31 2023 22:40:19 GMT+0000 (Coordinated Universal Time)
"7157","39",Blue,"KL",0,0,0,1,0,0,None,Docked,5,4,4,1,0,1,2,1,Park,"Good",Fri Mar 31 2023 22:41:38 GMT+0000 (Coordinated Universal Time)
"9084","40",Red,"DAN",1,0,0,0,0,0,Mobility,Engaged,1,8,0,0,0,0,0,8,None,"",Fri Mar 31 2023 22:47:31 GMT+0000 (Coordinated Universal Time)
"981","Qual 40",Red,"AS",0,0,0,0,1,0,Mobility,None,2,0,1,0,0,0,0,0,Park,"",Fri Mar 31 2023 22:47:41 GMT+0000 (Coordinated Universal Time)
"5869","40",Red,"MR",0,0,0,0,0,0,None,None,0,0,0,0,0,0,0,1,None,"no scoring or driver ability. do not pick",Fri Mar 31 2023 22:47:45 GMT+0000 (Coordinated Universal Time)
"6072","40",Blue,"IL",0,0,0,0,0,0,Attempted Mobility,Engaged,0,0,0,0,0,0,0,1,None,"Disabled during game, intake malfunctioning.",Fri Mar 31 2023 22:48:12 GMT+0000 (Coordinated Universal Time)
"399","40",Blue,"Lg",0,0,0,0,1,0,Mobility,None,0,5,0,0,0,1,0,4,Engaged,"OK",Fri Mar 31 2023 22:48:20 GMT+0000 (Coordinated Universal Time)
"8060","40",Blue,"KL",0,0,0,0,0,0,Attempted Mobility,None,0,2,0,0,0,0,1,1,None,"Bad driving and intake",Fri Mar 31 2023 22:49:01 GMT+0000 (Coordinated Universal Time)
"8060","40",Blue,"KL",0,0,0,0,0,0,Attempted Mobility,None,0,2,0,0,0,0,1,1,None,"Bad driving and intake",Fri Mar 31 2023 22:49:01 GMT+0000 (Coordinated Universal Time)
"8060","40",Blue,"KL",0,0,0,0,0,0,Attempted Mobility,None,0,2,0,0,0,0,1,1,None,"Bad driving and intake",Fri Mar 31 2023 22:49:03 GMT+0000 (Coordinated Universal Time)
"8060","40",Blue,"KL",0,0,0,0,0,0,Attempted Mobility,None,0,2,0,0,0,0,1,1,None,"Bad driving and intake",Fri Mar 31 2023 22:49:03 GMT+0000 (Coordinated Universal Time)
"8060","40",Blue,"KL",0,0,0,0,0,0,Attempted Mobility,None,0,2,0,0,0,0,1,1,None,"Bad driving and intake",Fri Mar 31 2023 22:49:03 GMT+0000 (Coordinated Universal Time)
"8060","40",Blue,"KL",0,0,0,0,0,0,Attempted Mobility,None,0,2,0,0,0,0,1,1,None,"Bad driving and intake",Fri Mar 31 2023 22:49:03 GMT+0000 (Coordinated Universal Time)
"8060","40",Blue,"KL",0,0,0,0,0,0,Attempted Mobility,None,0,0,0,0,0,0,1,1,None,"Auto didn’t work, bad driver bad intake",Fri Mar 31 2023 22:51:56 GMT+0000 (Coordinated Universal Time)
"691","41",Red,"LL",0,0,0,0,0,0,Mobility,None,0,1,0,0,0,0,0,1,None,"Battery fell out",Fri Mar 31 2023 22:54:18 GMT+0000 (Coordinated Universal Time)
"691","41",Red,"MR",0,0,0,0,0,0,Mobility,None,0,0,0,0,0,0,0,1,None,"battery fell out of bot. though the bot wasnt all that special",Fri Mar 31 2023 22:54:49 GMT+0000 (Coordinated Universal Time)
"2073","41",Blue,"Jay M",0,0,0,1,0,0,Mobility,Engaged,2,2,2,0,0,0,0,3,Engaged,"",Fri Mar 31 2023 22:55:09 GMT+0000 (Coordinated Universal Time)
"3512","41",Red,"JJJR",1,0,0,0,0,0,Mobility,None,2,6,1,0,1,0,0,5,Engaged,"",Fri Mar 31 2023 22:55:16 GMT+0000 (Coordinated Universal Time)
"3476","41",Blue,"LP",0,0,2,1,0,0,Mobility,None,4,3,4,0,0,0,1,4,Engaged,"",Fri Mar 31 2023 22:55:37 GMT+0000 (Coordinated Universal Time)
"3749","42",Red,"LL",0,0,0,0,0,0,Mobility,Attempted,0,0,0,0,0,0,0,0,Engaged,"Intake broken. Played defense only (but good defense). Browned out. ",Fri Mar 31 2023 23:03:39 GMT+0000 (Coordinated Universal Time)
"4079","42",Blue,"LP",0,0,0,1,0,0,Mobility,None,0,1,0,0,0,0,0,1,Engaged,"",Fri Mar 31 2023 23:03:53 GMT+0000 (Coordinated Universal Time)
"5012","42",Blue,"Jay M",0,0,0,0,0,0,None,None,0,0,0,0,0,0,0,1,Engaged,"Disabled 30 secs in",Fri Mar 31 2023 23:03:58 GMT+0000 (Coordinated Universal Time)
"4698","42",Red,"HH",0,0,1,0,0,0,None,None,1,0,0,3,0,0,2,0,Engaged,"Slow drive and intake ",Fri Mar 31 2023 23:04:01 GMT+0000 (Coordinated Universal Time)
"6060","42",Red,"JJR",0,0,0,0,0,1,Attempted Mobility,None,0,2,0,0,0,0,0,3,Park,"",Fri Mar 31 2023 23:04:01 GMT+0000 (Coordinated Universal Time)
"2659","42",Blue,"JW",1,0,0,0,0,0,None,Docked,2,1,1,0,1,1,0,0,None,"",Fri Mar 31 2023 23:04:18 GMT+0000 (Coordinated Universal Time)
"2375","43",Blue,"LP",0,0,0,0,0,1,Mobility,Attempted,0,0,0,0,0,0,0,0,None,"Disabled midway through match ",Fri Mar 31 2023 23:09:30 GMT+0000 (Coordinated Universal Time)
"2375","43",Blue,"JW",0,0,0,0,0,1,Mobility,None,1,2,1,0,0,0,0,1,Engaged,"",Fri Mar 31 2023 23:10:47 GMT+0000 (Coordinated Universal Time)
"6305","Qual 43",Blue,"Jay M",0,0,0,0,0,1,Mobility,None,0,1,0,0,0,0,0,0,None,"Disabled",Fri Mar 31 2023 23:10:47 GMT+0000 (Coordinated Universal Time)
"980ti","43",Red,"JJR",0,1,0,0,0,0,Mobility,None,3,1,0,1,1,0,0,1,Engaged,"Cone dropped ",Fri Mar 31 2023 23:10:48 GMT+0000 (Coordinated Universal Time)
"4415","43",Red,"LL",1,0,0,0,0,0,Mobility,Engaged,2,3,3,0,0,2,0,0,None,"Very consistent. Good shooting",Fri Mar 31 2023 23:10:55 GMT+0000 (Coordinated Universal Time)
"7607","43",Red,"HH",0,0,0,0,0,0,None,None,0,0,0,0,1,0,0,0,Engaged,"Wobbling everybot, broken intake, little bit of defense ",Fri Mar 31 2023 23:11:34 GMT+0000 (Coordinated Universal Time)
"4414","",Blue,"",0,1,1,0,0,0,Mobility,Engaged,6,6,2,1,2,1,1,4,Engaged,"",Fri Mar 31 2023 23:19:01 GMT+0000 (Coordinated Universal Time)
"2404","44",Blue,"Jay M",0,0,0,0,0,0,None,None,0,0,0,0,0,0,0,0,Park,"Ass",Fri Mar 31 2023 23:19:08 GMT+0000 (Coordinated Universal Time)
"399","44",Red,"JJR",0,0,0,0,1,0,Mobility,None,0,5,0,0,0,0,0,4,Engaged,"",Fri Mar 31 2023 23:19:09 GMT+0000 (Coordinated Universal Time)
"8768","44",Red,"LL",0,0,0,0,0,1,Mobility,Engaged,4,1,0,4,0,0,0,0,Park,"Average bot overall ",Fri Mar 31 2023 23:19:17 GMT+0000 (Coordinated Universal Time)
"3759","44",Red,"HH",0,0,0,0,0,0,Mobility,None,3,0,0,0,3,0,0,0,Engaged,"Slow only low place ",Fri Mar 31 2023 23:20:20 GMT+0000 (Coordinated Universal Time)
"399","44",Red,"JJR",0,0,0,0,1,0,Mobility,None,0,5,0,0,0,0,0,4,Engaged,"",Fri Mar 31 2023 23:20:24 GMT+0000 (Coordinated Universal Time)
"8060","44",Blue,"LP",0,0,0,0,0,0,Attempted Mobility,None,0,0,0,0,0,0,0,1,None,"Pusher bot but pretty good at pushing",Fri Mar 31 2023 23:21:01 GMT+0000 (Coordinated Universal Time)
"4419","45",Red,"LL",1,0,0,0,0,0,Mobility,Engaged,1,1,1,0,0,1,0,1,Engaged,"Other robot crashed into this robot and it died for a while",Fri Mar 31 2023 23:25:57 GMT+0000 (Coordinated Universal Time)
"8888","45",Red,"Jay M",1,0,0,0,0,0,Mobility,None,2,1,1,1,0,0,1,0,Park,"",Fri Mar 31 2023 23:25:58 GMT+0000 (Coordinated Universal Time)
"3476","45",Blue,"JW",0,0,1,1,0,0,Mobility,None,5,6,4,0,0,2,0,3,Engaged,"",Fri Mar 31 2023 23:26:02 GMT+0000 (Coordinated Universal Time)
"6072","45",Red,"JJR",0,0,0,0,1,0,Mobility,None,0,0,0,0,0,0,0,0,Engaged,"",Fri Mar 31 2023 23:26:15 GMT+0000 (Coordinated Universal Time)
"4014","45",Blue,"LP",0,0,0,0,0,0,None,Engaged,0,0,0,0,0,0,0,0,Engaged,"Only pushed no arm or intake but fast driving ",Fri Mar 31 2023 23:26:18 GMT+0000 (Coordinated Universal Time)
"981","45",Red,"HH",0,0,0,0,0,1,Mobility,None,0,1,0,0,0,0,0,1,None,"Bad.",Fri Mar 31 2023 23:28:05 GMT+0000 (Coordinated Universal Time)
"6417","46",Red,"LL",0,0,0,1,0,0,Mobility,Engaged,2,1,2,0,0,0,0,0,Docked,"Bad intake/shooting",Fri Mar 31 2023 23:34:13 GMT+0000 (Coordinated Universal Time)
"2659","46",Blue,"JW",1,0,0,0,0,0,Mobility,None,2,5,1,0,0,1,0,4,Engaged,"",Fri Mar 31 2023 23:34:14 GMT+0000 (Coordinated Universal Time)
"4079","46",Red,"JJR",0,0,0,1,0,0,Mobility,None,2,2,0,0,2,0,0,0,None,"",Fri Mar 31 2023 23:34:16 GMT+0000 (Coordinated Universal Time)
"5124","46",Red,"HH",0,0,0,1,0,0,Mobility,None,0,5,0,0,0,0,0,5,None,"Not horrible, low place",Fri Mar 31 2023 23:34:20 GMT+0000 (Coordinated Universal Time)
"6060","46",Red,"Jay M",0,0,0,0,0,1,Mobility,None,0,2,0,0,0,0,1,1,Park,"Intake looks G54 sus",Fri Mar 31 2023 23:34:35 GMT+0000 (Coordinated Universal Time)
"6657","46",Blue,"LP",0,0,0,0,0,0,None,None,0,3,0,0,0,0,0,3,Engaged,"Can only do low and maybe mid if they launch cubes",Fri Mar 31 2023 23:35:04 GMT+0000 (Coordinated Universal Time)
"4079","46",Red,"JJR",0,0,0,1,0,0,Mobility,None,2,2,0,0,2,0,0,0,None,"",Fri Mar 31 2023 23:36:36 GMT+0000 (Coordinated Universal Time)
"4698","47",Blue,"JW",0,1,0,0,0,0,Attempted Mobility,None,4,2,0,4,0,0,2,0,Engaged,"",Fri Mar 31 2023 23:42:56 GMT+0000 (Coordinated Universal Time)
" 5012","47",Red,"HH",0,0,0,0,0,0,None,None,0,1,0,0,0,0,0,1,Engaged,"All defense, good at defense but a bit wobbly ",Fri Mar 31 2023 23:43:00 GMT+0000 (Coordinated Universal Time)
"7157","47",Red,"LL",0,0,0,1,0,0,None,None,0,0,0,0,0,0,0,0,None,"Robot didn’t move",Fri Mar 31 2023 23:43:03 GMT+0000 (Coordinated Universal Time)
"2073","47",Red,"Jay M",0,0,0,1,0,0,Mobility,Engaged,3,1,1,1,0,1,0,0,Engaged,"",Fri Mar 31 2023 23:43:05 GMT+0000 (Coordinated Universal Time)
"691","47",Blue,"LP",0,0,0,0,0,1,Mobility,None,0,3,0,0,0,0,0,3,None,"",Fri Mar 31 2023 23:43:06 GMT+0000 (Coordinated Universal Time)
"7042","47",Red,"JJR",0,0,0,1,0,0,None,None,0,0,0,0,0,0,0,0,Park,"Disabled after Autos",Fri Mar 31 2023 23:43:12 GMT+0000 (Coordinated Universal Time)
"7042","47",Red,"JJR",0,0,0,1,0,0,None,None,0,0,0,0,0,0,0,0,Park,"Disabled after Autos",Fri Mar 31 2023 23:43:16 GMT+0000 (Coordinated Universal Time)
"7042","47",Red,"JJR",0,0,0,1,0,0,None,None,0,0,0,0,0,0,0,0,Park,"Disabled after Autos",Fri Mar 31 2023 23:43:18 GMT+0000 (Coordinated Universal Time)
"687","48",Red,"LL",1,0,0,0,0,0,Mobility,None,3,3,1,2,0,2,0,0,Docked,"Good place high. ",Fri Mar 31 2023 23:50:34 GMT+0000 (Coordinated Universal Time)
"5869","48",Blue,"JW",0,0,0,0,0,0,None,None,0,0,0,0,0,0,0,1,None,"Disabled",Fri Mar 31 2023 23:50:36 GMT+0000 (Coordinated Universal Time)
"3749","47",Red,"JJR",1,0,0,0,0,0,Mobility,None,4,3,3,1,0,1,0,0,Park,"",Fri Mar 31 2023 23:50:58 GMT+0000 (Coordinated Universal Time)
"3669","48",Blue,"LP",1,0,0,0,0,0,Mobility,Attempted,5,0,4,0,1,0,0,0,Engaged,"",Fri Mar 31 2023 23:51:01 GMT+0000 (Coordinated Universal Time)
"3512","48",Blue,"Jay M",1,0,0,0,0,0,Mobility,None,2,6,1,0,1,3,0,3,Engaged,"",Fri Mar 31 2023 23:51:03 GMT+0000 (Coordinated Universal Time)
"9084","48",Red,"HH",1,0,0,0,0,0,Mobility,Engaged,0,8,0,0,0,0,0,7,None,"Sub station issues and cubes rolling out of placement",Fri Mar 31 2023 23:51:41 GMT+0000 (Coordinated Universal Time)
"4415","49",Red,"JJR",1,0,0,0,0,0,None,Engaged,5,0,2,2,0,1,1,0,Docked,"",Fri Mar 31 2023 23:59:07 GMT+0000 (Coordinated Universal Time)
"7607","Qual 49",Blue,"AS",0,0,0,0,0,0,Mobility,None,0,2,0,0,0,0,1,0,Park,"",Fri Mar 31 2023 23:59:18 GMT+0000 (Coordinated Universal Time)
"6072","49",Red,"HH",0,0,0,0,1,0,Mobility,None,0,0,0,0,0,0,0,0,Park,"Good defensive bot, good driving",Fri Mar 31 2023 23:59:18 GMT+0000 (Coordinated Universal Time)
"980","49",Blue,"Lg",0,1,0,0,0,0,Mobility,None,1,0,0,1,0,0,0,0,Docked,"Arm broke. Sketch af",Fri Mar 31 2023 23:59:19 GMT+0000 (Coordinated Universal Time)
"4415","49",Red,"KL",1,0,0,0,0,0,None,Engaged,5,3,1,2,0,2,1,0,Docked,"Not good at engage",Fri Mar 31 2023 23:59:49 GMT+0000 (Coordinated Universal Time)
"6072","49",Red,"MR",0,0,0,0,1,0,Mobility,None,0,0,0,0,0,0,0,0,None,"attempted defense. couple good moments but overall was not useful.",Sat Apr 01 2023 00:01:05 GMT+0000 (Coordinated Universal Time)
"6060","50",Red,"LL",0,0,0,0,0,1,Mobility,None,0,3,0,0,0,0,0,2,Park,"I think something broke",Sat Apr 01 2023 00:06:14 GMT+0000 (Coordinated Universal Time)
"8060","50",Red,"KL",0,0,0,0,0,1,None,None,0,0,0,0,0,0,0,0,Docked,"GAH DAMN THEY SUCK",Sat Apr 01 2023 00:06:18 GMT+0000 (Coordinated Universal Time)
"2659","50",Red,"HH",1,0,0,0,0,0,Mobility,None,2,1,3,0,1,1,0,0,Park,"Good, steady ",Sat Apr 01 2023 00:06:20 GMT+0000 (Coordinated Universal Time)
"3759","50",Blue,"Lg",0,0,1,0,0,0,Mobility,None,0,0,0,0,0,0,0,0,Engaged,"Garbage",Sat Apr 01 2023 00:06:30 GMT+0000 (Coordinated Universal Time)
"6305","50",Red,"MR",0,0,0,0,0,0,Mobility,None,0,0,0,0,0,0,0,0,None,"they tried their best. (do NOT pick)",Sat Apr 01 2023 00:06:46 GMT+0000 (Coordinated Universal Time)
"2659","Qual 50",Blue,"AS",1,0,0,0,0,0,None,Docked,5,2,3,0,1,2,0,1,None,"",Sat Apr 01 2023 00:07:09 GMT+0000 (Coordinated Universal Time)
"2404","Qual 51",Red,"AS",0,0,0,0,0,1,Mobility,None,1,0,0,0,0,0,0,0,Engaged,"",Sat Apr 01 2023 00:15:45 GMT+0000 (Coordinated Universal Time)
"4014","51",Red,"LL",0,0,0,0,0,0,Mobility,None,0,0,0,0,0,0,0,0,Engaged,"2 bot balance. Flat bot. Just played defense (average defense)",Sat Apr 01 2023 00:15:49 GMT+0000 (Coordinated Universal Time)
"4414","51",Red,"MR",0,1,0,0,0,0,Mobility,Engaged,3,3,3,1,1,2,1,6,None,"",Sat Apr 01 2023 00:15:49 GMT+0000 (Coordinated Universal Time)
"4079","51",Blue,"HH",0,0,0,1,0,0,Mobility,None,2,0,0,0,0,0,0,1,Engaged,"Slow in sub station, breakable looking arm, slow place",Sat Apr 01 2023 00:16:09 GMT+0000 (Coordinated Universal Time)
"691","51",Red,"KL",0,0,0,0,0,0,Mobility,None,0,2,0,0,0,0,0,1,None,"Got absolutely carried by 4414",Sat Apr 01 2023 00:16:25 GMT+0000 (Coordinated Universal Time)
"2073","51",Blue,"Lg",0,0,0,1,0,0,Mobility,Engaged,3,3,2,0,1,0,0,3,Park,"decent cube cycle",Sat Apr 01 2023 00:16:26 GMT+0000 (Coordinated Universal Time)
Team Number,Match Number,Team Color,Scout Initals,Cone High Auto,Cone Mid Auto,Cone Low Auto,Cube High Auto,Cube Mid Auto,Cube Low Auto,Mobility Auto,Balance Auto,Cones Collected,Cubes Collected,Cone High,Cone Mid,Cone Low,Cube High,Cube Mid,Cube Low,Endgame Teleop,How in the way of own alliance (none (0) to lots (10)),How tippy (none (0) to lots (10)),How good at defense (bad (0) to good (10)),Speed,Notes,Time Uploaded
"","",Red,"",0,0,0,0,0,0,None,None,0,0,0,0,0,0,0,0,None,0,0,0,Fast,"Test upload",Sat Apr 01 2023 14:37:15 GMT+0000 (Coordinated Universal Time)
"5012","53",Red,"LL",0,0,0,0,0,1,Mobility,None,0,0,0,0,0,0,0,0,Docked,2,0,9,Fast,"Very good defense. No shooting",Sat Apr 01 2023 16:01:22 GMT+0000 (Coordinated Universal Time)
"2375","52",Red,"KL",0,0,1,0,0,0,None,Engaged,0,0,0,0,0,0,0,5,Docked,0,3,0,Slow,"Only places low",Sat Apr 01 2023 16:01:24 GMT+0000 (Coordinated Universal Time)
"5142","52",Blue,"HH",0,0,0,1,0,0,Mobility,None,0,0,0,0,0,1,1,2,Engaged,1,0,3,Fast,"A good pick fast and some defense good cube game and balance",Sat Apr 01 2023 16:01:27 GMT+0000 (Coordinated Universal Time)
"981","52",Red,"MR",0,0,0,0,0,1,Mobility,None,2,0,0,1,0,0,0,0,None,0,7,0,Slow,"low scorer. unstable robot. not a good defense pick and certainly not a good score pick",Sat Apr 01 2023 16:01:48 GMT+0000 (Coordinated Universal Time)
"687","Qual 52",Red,"AS ",1,0,0,0,0,0,Mobility,None,4,2,3,1,1,2,0,0,Park,0,0,0,Normal,"Quick bot, good cycle, didn’t play defense, good cone placement",Sat Apr 01 2023 16:02:20 GMT+0000 (Coordinated Universal Time)
"3669","52",Blue,"Lg",1,0,0,0,0,0,Mobility,Engaged,4,0,1,3,0,0,0,0,Engaged,0,2,2,Normal,"Efficient cycles for the speed",Sat Apr 01 2023 16:02:34 GMT+0000 (Coordinated Universal Time)
"9084","53",Red,"LL",1,0,0,0,0,0,Mobility,None,0,6,0,0,0,0,0,6,Engaged,0,0,0,Normal,"Cycle time: 14 sec. Other robots kept getting in the way",Sat Apr 01 2023 16:09:17 GMT+0000 (Coordinated Universal Time)
"1197","53",Red,"MR",1,0,0,0,0,0,Mobility,None,0,1,0,0,0,0,0,0,None,5,2,0,Normal,"cone intake at loading station seems inconsistent.",Sat Apr 01 2023 16:09:22 GMT+0000 (Coordinated Universal Time)
"4419","53",Blue,"HH",1,0,0,0,0,0,Mobility,Engaged,1,2,1,0,0,1,0,1,Engaged,3,3,0,Normal,"Penalties, wobbly intake, med speed ",Sat Apr 01 2023 16:09:42 GMT+0000 (Coordinated Universal Time)
"7157","53",Red,"KL",1,0,0,1,0,0,Mobility,None,5,4,5,0,0,2,0,1,Engaged,2,4,0,Fast,"If they go too fast out of substation they tip",Sat Apr 01 2023 16:09:54 GMT+0000 (Coordinated Universal Time)
"3749","53",Blue,"Lg",0,0,0,0,0,0,Mobility,None,4,0,2,0,1,0,0,0,Engaged,0,0,2,Fast,"Missed a lot of cones on the high. But good cycle times. Could be good",Sat Apr 01 2023 16:10:03 GMT+0000 (Coordinated Universal Time)
"6417","Qual 53",Red,"AS",0,0,0,1,0,0,Mobility,None,2,1,2,0,0,0,0,1,Park,5,3,0,Slow,"Fouls in auto",Sat Apr 01 2023 16:10:06 GMT+0000 (Coordinated Universal Time)
"5869","54",Red,"MR",0,0,0,0,0,0,None,None,0,0,0,0,0,0,0,0,Engaged,2,5,1,Slow,"disabled for large portion of match. drove slow and aimlessly. tried to push game pieces into the low zone. broken or non-functional intake",Sat Apr 01 2023 16:15:40 GMT+0000 (Coordinated Universal Time)
"399","54",Red,"KL",0,0,0,0,1,0,Mobility,None,0,7,0,0,0,0,0,6,None,3,2,0,Fast,"Only places low-slow at it as well",Sat Apr 01 2023 16:15:41 GMT+0000 (Coordinated Universal Time)
"7042","54",Red,"LL",0,0,0,1,0,0,Mobility,Engaged,1,1,0,1,1,0,0,1,None,5,8,0,Slow,"Very bad overall. Took forever to intake. Can’t score. Almost fell over twice. Intake flimsy",Sat Apr 01 2023 16:15:47 GMT+0000 (Coordinated Universal Time)
"6657","Qual 54",Blue,"AS",0,0,0,0,1,0,Mobility,None,0,5,0,0,0,0,0,5,Engaged,2,0,2,Normal,"Cycled low cubes with relatively slow cycle time and substation time",Sat Apr 01 2023 16:16:00 GMT+0000 (Coordinated Universal Time)
"3512","54",Blue,"Lg",1,0,0,0,0,0,None,Docked,1,8,1,0,0,1,1,5,Park,2,0,3,Fast,"Great cube cycles. Almost as good as ours",Sat Apr 01 2023 16:16:02 GMT+0000 (Coordinated Universal Time)
"4687","54",Blue,"HH",0,1,0,0,0,0,Mobility,None,2,2,0,3,0,0,2,1,Engaged,0,0,0,Fast,"Good bot only med low lots of links and stays out of way of team",Sat Apr 01 2023 16:16:14 GMT+0000 (Coordinated Universal Time)
"8768","Qual 55",Blue,"AS",0,0,0,0,0,1,None,Attempted,3,0,0,3,0,0,0,0,None,2,0,1,Normal,"Jams the substation. Do not pick",Sat Apr 01 2023 16:23:04 GMT+0000 (Coordinated Universal Time)
"8060","55",Red,"LL",0,0,0,0,0,0,None,None,0,0,0,0,0,0,0,0,Park,6,0,3,Slow,"Very bad. Looked confused",Sat Apr 01 2023 16:23:18 GMT+0000 (Coordinated Universal Time)
"8888","55",Red,"KL",1,0,0,0,0,0,Mobility,None,4,0,3,0,0,0,0,0,Docked,5,4,0,Normal,"Not a bad boy, consistent at placing high just not efficiently ",Sat Apr 01 2023 16:23:21 GMT+0000 (Coordinated Universal Time)
"2073","55",Red,"MR",0,0,0,1,0,0,Mobility,Engaged,0,8,0,0,0,1,0,8,Engaged,1,1,0,Fast,"looks pretty solid. no cones but relatively quick.",Sat Apr 01 2023 16:23:44 GMT+0000 (Coordinated Universal Time)
"6072","55",Blue,"Lg",0,0,0,0,1,0,Mobility,None,0,0,0,0,0,0,0,0,None,3,0,7,Normal,"Defended game’s pieces in middle",Sat Apr 01 2023 16:23:54 GMT+0000 (Coordinated Universal Time)
"691","55",Blue,"HH",0,0,0,0,0,0,None,None,0,4,0,0,0,0,0,4,Engaged,4,5,2,Normal,"Slow in sub, janky arm but not the worst",Sat Apr 01 2023 16:25:53 GMT+0000 (Coordinated Universal Time)
"3759","Qual 56",Red,"",0,0,0,0,0,0,Mobility,None,3,0,0,1,1,0,0,1,None,3,0,2,Slow,"",Sat Apr 01 2023 16:30:54 GMT+0000 (Coordinated Universal Time)
"4415","56",Red,"LL",1,0,0,0,0,0,Mobility,None,3,1,1,1,1,1,0,0,Engaged,0,0,0,Normal,"Intake a little slow. Good at shooting.",Sat Apr 01 2023 16:30:57 GMT+0000 (Coordinated Universal Time)
"4414","55",Red,"KL",0,2,0,0,0,0,None,Engaged,4,9,3,1,0,1,1,6,Park,0,0,0,Fast,"4414 duh",Sat Apr 01 2023 16:31:15 GMT+0000 (Coordinated Universal Time)
"981","56",Blue,"HH",0,0,0,0,0,1,None,None,0,2,0,0,0,0,0,1,Engaged,5,7,0,Slow,"Slow big and unstable big no",Sat Apr 01 2023 16:31:17 GMT+0000 (Coordinated Universal Time)
"6305","56",Blue,"Lg",0,0,0,0,0,0,Mobility,None,0,2,0,0,0,0,0,1,None,4,7,0,Slow,"Terrible everything ",Sat Apr 01 2023 16:31:24 GMT+0000 (Coordinated Universal Time)
"2659","56",Red,"",1,0,0,0,0,0,None,None,2,4,1,2,0,1,1,1,Engaged,0,2,0,Fast,"pretty fast. good at grabbing from side load station. didn't interfere with alliance partners",Sat Apr 01 2023 16:32:02 GMT+0000 (Coordinated Universal Time)
"4079","57",Red,"KL",0,0,0,0,0,1,Mobility,None,0,0,0,0,0,0,0,0,Engaged,0,3,1,Normal,"Tried defense didn’t move the entire match",Sat Apr 01 2023 16:39:54 GMT+0000 (Coordinated Universal Time)
"7607","57",Blue,"Jay M",0,0,0,0,0,0,Mobility,None,0,1,0,0,0,0,0,1,Engaged,7,8,0,Slow,"No. Please no",Sat Apr 01 2023 16:40:22 GMT+0000 (Coordinated Universal Time)
"3669","57",Red,"LL",1,0,0,0,0,0,Mobility,Engaged,2,2,2,0,1,0,0,0,None,1,0,0,Normal,"Can’t pick up cubes. Should have parked but didn’t ",Sat Apr 01 2023 16:40:25 GMT+0000 (Coordinated Universal Time)
"1197","57",Red,"HH",0,0,1,0,0,0,Attempted Mobility,None,2,0,0,1,0,0,0,0,Engaged,8,0,0,Slow,"Slow, spent a long long time in high sun station inaccurate placement ",Sat Apr 01 2023 16:40:35 GMT+0000 (Coordinated Universal Time)
"5124","57",Blue,"JJR",0,0,0,1,0,0,Mobility,None,0,5,0,0,0,0,0,5,Park,2,4,0,Normal,"",Sat Apr 01 2023 16:40:43 GMT+0000 (Coordinated Universal Time)
"4014","57",Blue,"LP",0,0,0,0,0,0,None,Engaged,0,0,0,0,0,0,0,0,Engaged,1,0,7,Normal,"",Sat Apr 01 2023 16:40:49 GMT+0000 (Coordinated Universal Time)
"980","58",Blue,"Jay M",0,0,0,0,0,0,None,None,2,1,0,2,0,0,0,1,None,4,6,0,Normal,"Disabled",Sat Apr 01 2023 16:47:03 GMT+0000 (Coordinated Universal Time)
"7042","58",Blue,"LP",0,0,0,1,0,0,None,Docked,2,1,0,2,0,0,0,0,None,3,4,1,Fast,"Broke mid match",Sat Apr 01 2023 16:47:25 GMT+0000 (Coordinated Universal Time)
"5012","58",Red,"KL",0,0,0,0,0,1,None,None,0,0,0,0,0,0,0,0,None,0,0,10,Fast,"Very good defense",Sat Apr 01 2023 16:47:46 GMT+0000 (Coordinated Universal Time)
"6657","58",Red,"LL",0,0,0,0,1,0,Mobility,None,0,2,0,0,0,0,1,1,Engaged,0,0,0,Fast,"Stopped for a while then reconnected. ",Sat Apr 01 2023 16:47:51 GMT+0000 (Coordinated Universal Time)
"3476","38",Blue,"JJR",0,0,1,1,0,0,Mobility,None,9,0,4,2,1,0,0,0,Park,0,1,0,Fast,"A little distracted by us not moving ",Sat Apr 01 2023 16:47:58 GMT+0000 (Coordinated Universal Time)
"9084","58",Red,"HH",0,0,0,0,0,0,None,None,0,0,0,0,0,0,0,0,None,0,0,0,Fast,"Got disabled ran over cone ",Sat Apr 01 2023 16:48:35 GMT+0000 (Coordinated Universal Time)
"2375","59",Red,"HH",0,0,0,0,0,1,Mobility,None,0,0,0,0,0,0,0,0,None,1,0,8,Fast,"Good defense bot, got disabled",Sat Apr 01 2023 16:54:34 GMT+0000 (Coordinated Universal Time)
"3749","59",Blue,"Jay M",1,0,0,0,0,0,Mobility,None,2,3,0,1,1,1,0,2,Engaged,2,0,0,Fast,"",Sat Apr 01 2023 16:54:59 GMT+0000 (Coordinated Universal Time)
"7157","59",Blue,"LP",1,0,0,0,0,0,Mobility,None,4,5,2,3,0,1,1,3,None,0,0,0,Fast,"",Sat Apr 01 2023 16:55:21 GMT+0000 (Coordinated Universal Time)
"6060","59",Red,"LL",0,0,0,0,0,1,Mobility,None,0,3,0,0,0,0,0,3,Docked,3,0,0,Slow,"Really bad. Terrible intake. Can’t ",Sat Apr 01 2023 16:55:44 GMT+0000 (Coordinated Universal Time)
"3512","59",Blue,"JJR",1,0,0,0,0,0,None,Docked,2,5,1,1,0,1,1,3,Engaged,0,0,0,Normal,"",Sat Apr 01 2023 16:55:49 GMT+0000 (Coordinated Universal Time)
"4419","6p",Blue,"Jay M",1,0,0,0,0,0,Mobility,Engaged,1,6,1,0,0,1,0,5,Engaged,1,2,0,Fast,"",Sat Apr 01 2023 17:02:57 GMT+0000 (Coordinated Universal Time)
"687","60",Red,"LL",1,0,0,0,0,0,Mobility,None,2,1,2,0,0,1,0,0,Park,4,0,3,Slow,"Looked confused. Somewhat reliable intake/shooting, but bad driver",Sat Apr 01 2023 17:03:14 GMT+0000 (Coordinated Universal Time)
"5869","60",Red,"HH",0,0,0,0,0,0,None,None,0,1,0,0,0,0,0,1,Engaged,2,2,0,Slow,"No auto, slow",Sat Apr 01 2023 17:03:22 GMT+0000 (Coordinated Universal Time)
"6417","59",Red,"KL",0,0,0,1,0,0,None,Engaged,1,2,1,0,0,1,0,0,Engaged,0,0,0,Slow,"Slow and bad intake, because of this it’s hard for them to pick up cubes and cones, cones more difficult that the other",Sat Apr 01 2023 17:03:24 GMT+0000 (Coordinated Universal Time)
"2404","60",Red,"LP",1,0,0,0,0,0,Mobility,None,0,0,0,0,0,0,0,0,Engaged,5,7,2,Slow,"",Sat Apr 01 2023 17:03:42 GMT+0000 (Coordinated Universal Time)
"4698","60",Blue,"JJR",0,0,1,0,0,0,Mobility,None,1,2,0,1,0,0,1,0,Park,8,0,0,Slow,"Placed and died in community in the way and limited movement ",Sat Apr 01 2023 17:03:44 GMT+0000 (Coordinated Universal Time)
"4698","60",Blue,"JJR",0,0,1,0,0,0,Mobility,None,1,2,0,1,0,0,1,0,Park,8,0,0,Slow,"Placed and died in community in the way and limited movement ",Sat Apr 01 2023 17:03:45 GMT+0000 (Coordinated Universal Time)
"3759","61",Red,"HH",0,0,0,0,0,1,Mobility,None,0,0,0,0,0,0,0,0,None,3,0,0,Slow,"Useless",Sat Apr 01 2023 17:10:54 GMT+0000 (Coordinated Universal Time)
"691","61",Blue,"Jay M",0,0,0,0,0,0,Attempted Mobility,None,0,5,0,0,0,0,0,5,Park,2,1,0,Normal,"Disabled, violated frame perimeters",Sat Apr 01 2023 17:11:01 GMT+0000 (Coordinated Universal Time)
"4415","61",Blue,"LP",1,0,0,0,0,0,Mobility,Engaged,4,2,3,0,0,2,0,0,Docked,0,0,0,Normal,"",Sat Apr 01 2023 17:11:06 GMT+0000 (Coordinated Universal Time)
"4079","61",Red,"LL",0,0,0,1,0,0,Mobility,None,0,0,0,0,0,0,0,0,None,7,0,1,Slow,"Horrible intake. Very flimsy. Didn’t do anything just drove around confused",Sat Apr 01 2023 17:11:14 GMT+0000 (Coordinated Universal Time)
"981","61",Blue,"JJR",0,0,0,0,0,1,Mobility,None,0,0,0,0,0,0,0,0,None,0,6,5,Slow,"Arm in the air they just don't care also screwed up charge ",Sat Apr 01 2023 17:11:51 GMT+0000 (Coordinated Universal Time)
"6072","62",Blue,"JJR",0,0,0,0,1,0,None,Engaged,0,3,0,0,0,0,0,2,Engaged,3,0,0,Slow,"",Sat Apr 01 2023 17:20:31 GMT+0000 (Coordinated Universal Time)
"6305","62",Blue,"LP",0,0,1,0,0,0,Mobility,None,2,1,2,0,0,0,0,1,Engaged,5,4,3,Slow,"",Sat Apr 01 2023 17:20:35 GMT+0000 (Coordinated Universal Time)
"4414","62",Red,"LL",0,1,0,0,0,0,Mobility,Engaged,3,2,2,3,0,2,2,1,Engaged,0,0,0,Fast,"It’s 4414 I have no words",Sat Apr 01 2023 17:20:59 GMT+0000 (Coordinated Universal Time)
"7042","62",Blue,"Jay M",0,0,0,1,0,0,Mobility,None,0,4,0,0,0,0,0,5,Park,2,3,0,Fast,"",Sat Apr 01 2023 17:21:04 GMT+0000 (Coordinated Universal Time)
"6072","62",Blue,"JJR",0,0,0,0,1,0,None,Engaged,0,3,0,0,0,0,0,2,Engaged,3,0,0,Slow,"",Sat Apr 01 2023 17:21:15 GMT+0000 (Coordinated Universal Time)
"3669","62",Red,"HH",1,0,0,0,0,0,Mobility,None,4,0,1,1,2,0,0,0,Engaged,3,3,0,Normal,"Weird match, they did well and were quick and steady ",Sat Apr 01 2023 17:22:35 GMT+0000 (Coordinated Universal Time)
"980","63",Red,"LL",0,0,1,0,0,0,None,None,3,1,1,0,0,0,0,1,Engaged,0,3,0,Normal,"Terrible intake. Dropped everything.",Sat Apr 01 2023 17:27:59 GMT+0000 (Coordinated Universal Time)
"3512","63",Blue,"LP",1,0,0,0,0,0,None,Attempted,5,2,5,0,0,2,0,1,None,0,0,0,Fast,"",Sat Apr 01 2023 17:28:01 GMT+0000 (Coordinated Universal Time)
"1197","63",Blue,"Jay M",0,0,1,0,0,0,Mobility,None,2,0,0,1,0,0,0,0,Engaged,6,1,0,Fast,"",Sat Apr 01 2023 17:28:04 GMT+0000 (Coordinated Universal Time)
"3749","63",Red,"HH",1,0,0,0,0,0,Mobility,None,5,0,4,0,0,0,0,1,Park,0,4,0,Fast,"Human player issues, good bot ",Sat Apr 01 2023 17:28:20 GMT+0000 (Coordinated Universal Time)
"5124","63",Red,"JJR",0,0,0,1,0,0,Mobility,None,0,5,0,0,0,0,0,2,Engaged,3,8,0,Fast,"Almost falls over if moves with arm up a little ",Sat Apr 01 2023 17:28:22 GMT+0000 (Coordinated Universal Time)
"8888","64",Blue,"Jay M",1,0,0,0,0,0,Mobility,None,2,1,0,0,0,1,0,0,Engaged,4,5,0,Slow,"",Sat Apr 01 2023 17:36:50 GMT+0000 (Coordinated Universal Time)
"5012","64",Blue,"LP",0,0,0,0,0,1,Mobility,None,0,0,0,0,0,0,0,1,None,4,1,3,Normal,"No working intake",Sat Apr 01 2023 17:36:50 GMT+0000 (Coordinated Universal Time)
"2404","64",Red,"LL",0,0,0,0,0,1,Mobility,None,0,0,0,0,0,0,0,0,Park,3,3,5,Normal,"Average defense nothing remarkable didn’t really do anything ",Sat Apr 01 2023 17:37:01 GMT+0000 (Coordinated Universal Time)
"4698","64",Blue,"JJR",0,1,0,0,0,0,None,Docked,0,7,0,0,0,0,0,7,Park,4,0,0,Fast,"Bumped into teammate and made them drop cone ",Sat Apr 01 2023 17:37:18 GMT+0000 (Coordinated Universal Time)
"6417","64",Red,"HH",0,0,0,1,0,0,None,Engaged,0,3,0,0,0,0,0,3,Park,4,7,0,Normal,"Slow intake and outtake ",Sat Apr 01 2023 17:37:26 GMT+0000 (Coordinated Universal Time)
"6060","65",Red,"MR",0,0,0,0,0,1,Mobility,None,0,3,0,0,0,0,0,2,None,5,6,0,Slow,"intake is slow. drive is slow too. not good pick for defense or score. do not pick",Sat Apr 01 2023 17:37:28 GMT+0000 (Coordinated Universal Time)
"4014","Qual 65",Red,"AS",0,0,0,0,0,0,Mobility,None,0,0,0,0,0,0,0,0,Engaged,2,0,9,Fast,"",Sat Apr 01 2023 17:44:38 GMT+0000 (Coordinated Universal Time)
"5869","65",Red,"LP",0,0,0,0,0,0,None,None,0,0,0,0,0,0,0,1,Docked,4,7,3,Slow,"No intake only push",Sat Apr 01 2023 17:44:48 GMT+0000 (Coordinated Universal Time)
"2659","65",Blue,"LL",1,0,0,1,0,0,Mobility,None,2,3,2,0,0,2,0,3,Park,0,5,0,Fast,"Very good robot. Fast shooting. A little too heavy and it browned out a couple times ",Sat Apr 01 2023 17:45:23 GMT+0000 (Coordinated Universal Time)
"8768","65",Red,"MR",0,0,0,0,0,1,Mobility,None,3,3,1,2,0,1,1,0,None,0,1,0,Fast,"looks somewhat solid! not spectacular but seems like an ok mid range bot",Sat Apr 01 2023 17:46:38 GMT+0000 (Coordinated Universal Time)
"687","66",Red,"LL",1,0,0,0,0,0,Mobility,None,3,3,1,2,0,2,1,0,Engaged,0,0,0,Fast,"Very very good robot overall. Shooting is a little slow but reliable",Sat Apr 01 2023 17:53:39 GMT+0000 (Coordinated Universal Time)
"6657","66",Red,"MR",0,0,0,0,0,1,None,None,0,3,0,0,0,0,0,2,Engaged,1,0,0,Fast,"subpar bot but drives surprisingly fast",Sat Apr 01 2023 17:53:50 GMT+0000 (Coordinated Universal Time)
"7157","Qual 66",Blue,"AS",1,0,0,0,0,1,Mobility,Docked,2,4,2,2,0,1,1,1,None,2,0,0,Fast,"Stopped code orange from getting coopertition at last minute by removing own game piece from coop grid: yas",Sat Apr 01 2023 17:54:01 GMT+0000 (Coordinated Universal Time)
"3476","66",Red,"LP",2,0,0,0,0,0,Mobility,Attempted,3,3,4,0,0,3,0,0,Engaged,0,0,0,Fast,"",Sat Apr 01 2023 17:54:21 GMT+0000 (Coordinated Universal Time)
"3669","67",Red,"LP",1,0,0,0,0,0,Mobility,Engaged,5,0,0,3,1,0,0,0,Engaged,3,3,4,Normal,"",Sat Apr 01 2023 17:59:57 GMT+0000 (Coordinated Universal Time)
"3749","Qual 67",Red,"AS",1,0,0,0,0,0,Mobility,None,0,6,0,0,0,1,0,5,Engaged,0,0,0,Normal,"Cycled low cubes, unreliable intake and placement",Sat Apr 01 2023 18:00:19 GMT+0000 (Coordinated Universal Time)
"3759","67",Blue,"LL",0,0,0,1,0,0,Mobility,None,0,5,0,0,0,1,0,5,Engaged,0,0,0,Fast,"Very good at fast climb. Average bot. Cube collect is flimsy ",Sat Apr 01 2023 18:00:33 GMT+0000 (Coordinated Universal Time)
"6072","67",Red,"MR",0,0,0,0,0,1,Mobility,None,0,2,0,0,0,0,2,1,None,2,0,0,Fast,"slow intake. swerve bot. remarkably fast",Sat Apr 01 2023 18:01:05 GMT+0000 (Coordinated Universal Time)
"4698","Qual 68",Blue,"AS",0,0,1,0,0,0,None,None,1,6,0,0,1,0,0,7,None,0,0,0,Fast,"Good",Sat Apr 01 2023 18:07:32 GMT+0000 (Coordinated Universal Time)
"4698","Qual 68",Blue,"AS",0,0,1,0,0,0,None,None,1,6,0,0,1,0,0,7,Engaged,0,0,0,Fast,"Correction: engaged in teleop",Sat Apr 01 2023 18:08:05 GMT+0000 (Coordinated Universal Time)
"9084","68",Blue,"LL",1,0,0,0,0,0,Mobility,None,5,2,4,0,0,2,0,0,Engaged,0,0,0,Fast,"Miracles do exist",Sat Apr 01 2023 18:08:10 GMT+0000 (Coordinated Universal Time)
"2073","68",Red,"LP",0,0,0,1,0,0,Mobility,Engaged,4,0,4,0,0,0,0,0,Engaged,2,0,0,Normal,"",Sat Apr 01 2023 18:08:22 GMT+0000 (Coordinated Universal Time)
"6060","68",Red,"MR",0,0,0,0,0,1,None,None,0,4,0,0,0,0,0,4,None,3,6,0,Slow,"slow intake. wasn't contested in this match",Sat Apr 01 2023 18:08:52 GMT+0000 (Coordinated Universal Time)
"3512","Qual 69",Blue,"AS",1,0,0,0,0,0,Mobility,None,1,6,1,0,0,2,0,5,Park,0,0,0,Fast,"",Sat Apr 01 2023 18:14:38 GMT+0000 (Coordinated Universal Time)
"981","69",Blue,"LL",0,0,0,0,0,1,Mobility,None,0,2,0,0,0,0,0,1,Engaged,7,6,0,Slow,"Very bad intake. Unreliable shooting. Did basically nothing but accumulate fouls",Sat Apr 01 2023 18:14:52 GMT+0000 (Coordinated Universal Time)
"4419","69",Red,"LP",1,0,0,0,0,0,Mobility,Engaged,2,4,1,0,1,1,0,3,Engaged,3,2,0,Fast,"",Sat Apr 01 2023 18:14:53 GMT+0000 (Coordinated Universal Time)
"4419","69",Red,"LP",1,0,0,0,0,0,Mobility,Engaged,2,4,1,0,1,1,0,3,Engaged,3,2,0,Fast,"",Sat Apr 01 2023 18:14:53 GMT+0000 (Coordinated Universal Time)
"4014","Qual 70",Blue,"AS",0,0,0,0,0,0,None,Engaged,0,0,0,0,0,0,0,0,Engaged,0,0,10,Fast,"",Sat Apr 01 2023 18:21:24 GMT+0000 (Coordinated Universal Time)
"2404","70",Red,"LP",0,0,0,0,0,0,Mobility,None,0,0,0,0,0,0,0,0,Docked,5,7,3,Slow,"",Sat Apr 01 2023 18:21:32 GMT+0000 (Coordinated Universal Time)
"4079","70",Blue,"LL",0,0,0,1,0,0,Mobility,None,2,0,1,0,0,0,0,0,None,5,0,0,Slow,"Very bad. Did nothing. Unreliable",Sat Apr 01 2023 18:21:48 GMT+0000 (Coordinated Universal Time)
"7607","70",Red,"MR",0,0,1,0,0,0,None,None,0,2,0,0,0,0,0,2,None,2,4,0,Slow,"intake requires an exceedingly long prep time. do not pick for scoring. intake loves moving far outside frame perimeter. do not pick for defense.",Sat Apr 01 2023 18:22:15 GMT+0000 (Coordinated Universal Time)
"2375","Qual 71",Blue,"AS",0,0,1,0,0,0,Mobility,None,0,3,0,0,0,0,0,3,None,4,0,0,Normal,"No",Sat Apr 01 2023 18:29:39 GMT+0000 (Coordinated Universal Time)
"687","71",Blue,"LL",1,0,0,0,0,0,None,Engaged,3,4,3,0,0,3,0,1,Park,0,0,0,Fast,"",Sat Apr 01 2023 18:29:41 GMT+0000 (Coordinated Universal Time)
"7042","71",Red,"LP",0,0,0,1,0,0,None,Attempted,3,0,1,0,1,0,0,0,Engaged,5,2,0,Slow,"",Sat Apr 01 2023 18:30:52 GMT+0000 (Coordinated Universal Time)
"2659","72",Red,"LP",1,0,0,0,0,0,Mobility,None,4,6,2,0,1,1,1,3,None,3,0,0,Fast,"",Sat Apr 01 2023 18:38:18 GMT+0000 (Coordinated Universal Time)