Team Number,Match Number,Team Color,Scout Initals,Cone High Auto,Cone Mid Auto,Cone Low Auto,Cube High Auto,Cube Mid Auto,Cube Low Auto,Mobility Auto,Balance Auto,Cones Collected,Cubes Collected,Cone High,Cone Mid,Cone Low,Cube High,Cube Mid,Cube Low,Cone High (Full Grid),Cone Mid (Full Grid),Cone Low (Full Grid),Cube High (Full Grid),Cube Mid (Full Grid),Cube Low (Full Grid),Endgame Teleop,How in the way of own alliance (none (0) to lots (10)),How tippy (none (0) to lots (10)),How many penalties (none (0) to lots (10)),How speedy (0 (low speed) - 10 (high speed)),Swerve,Died?,Notes,Time Uploaded
"9030","1",Blue,"LL",0,0,0,6,0,0,0,0,0,2,0,0,0,5,0,0,0,0,0,0,0,0,0,0.2,0,0.6,0,0,0,"Tipped over",Thu Apr 20 2023 13:36:53 GMT+0000 (Coordinated Universal Time)
"7428","1",Red,"JW",0,0,0,6,0,0,0,12,3,2,0,3,0,5,3,0,0,0,0,0,0,0,10,1,0.7,1,0.7,1,1,"",Thu Apr 20 2023 13:37:22 GMT+0000 (Coordinated Universal Time)
"5804","1",Blue,"KL",6,0,0,0,0,0,0,0,5,2,15,0,4,5,3,0,0,0,0,0,0,0,10,1,1,1,0,1,1,"",Thu Apr 20 2023 13:37:38 GMT+0000 (Coordinated Universal Time)
"1023","1",Blue,"Lg",0,4,0,0,0,0,0,0,4,4,0,9,2,0,3,6,0,0,0,0,0,0,10,1,1,1,0.6,1,1,"Solid robot. Fast and efficient cycles. Knocked over teammate but wasn‚Äôt their fault",Thu Apr 20 2023 13:37:52 GMT+0000 (Coordinated Universal Time)
"5338","1",Red,"HH",6,0,0,0,0,0,0,0,3,0,10,0,2,0,0,0,0,0,0,0,0,0,10,1,1,1,0.2,1,1,"Slow but accurate ",Thu Apr 20 2023 13:37:55 GMT+0000 (Coordinated Universal Time)
"4663","1",Red,"LP",0,0,0,6,0,0,3,0,4,0,15,3,0,0,0,0,0,0,0,0,0,0,0,0.7,0.7,0.9,0.3,0,1,"",Thu Apr 20 2023 13:39:42 GMT+0000 (Coordinated Universal Time)
"4909","3",Blue,"KL",0,0,0,6,0,0,3,12,0,0,0,0,8,0,0,0,0,0,0,0,0,0,10,1,1,1,0,1,0,"Died mid round, but came back to engage",Thu Apr 20 2023 13:44:27 GMT+0000 (Coordinated Universal Time)
"857","2",Red,"JW",6,0,0,0,0,0,3,0,5,2,5,6,2,5,3,0,0,0,0,0,0,0,10,0.7,1,1,0.8,1,1,"Slow at double sub station, no auto align",Thu Apr 20 2023 13:44:29 GMT+0000 (Coordinated Universal Time)
"1538","2",Blue,"LL",6,0,0,0,0,3,3,0,8,3,15,12,2,5,6,0,0,0,0,0,0,0,0,1,1,1,1,1,1,"Very solid robot overall. 4414 level accuracy",Thu Apr 20 2023 13:44:42 GMT+0000 (Coordinated Universal Time)
"1816","2",Red,"Hh",6,0,0,0,0,0,3,12,4,2,5,6,2,0,3,2,0,0,0,0,0,0,2,1,0.8,1,0.7,1,1,"Fast, consistent",Thu Apr 20 2023 13:44:44 GMT+0000 (Coordinated Universal Time)
"1757","2",Red,"LP",6,0,0,6,0,0,3,0,3,2,5,6,0,5,3,0,0,0,0,0,0,0,10,1,1,1,0.3,1,1,"",Thu Apr 20 2023 13:44:45 GMT+0000 (Coordinated Universal Time)
"6909","2",Blue,"Lg",0,0,0,6,0,0,3,12,3,1,0,0,6,0,0,0,0,0,0,0,0,0,10,0.6,1,1,0.3,1,0,"Slow drive. Died a little but then charged",Thu Apr 20 2023 13:46:58 GMT+0000 (Coordinated Universal Time)
"4905","4",Red,"LP",0,0,0,6,0,0,3,12,1,1,5,0,0,0,0,2,0,0,0,0,0,0,0,0.8,0.9,1,0.4,1,0,"",Thu Apr 20 2023 14:06:14 GMT+0000 (Coordinated Universal Time)
"3932","4",Blue,"LL",0,0,0,0,0,3,0,0,4,1,10,9,0,0,0,2,0,0,0,0,0,0,10,1,1,1,0.4,1,1,"Pretty slow",Thu Apr 20 2023 14:06:42 GMT+0000 (Coordinated Universal Time)
"8808","4",Blue,"Lg",0,0,0,6,0,0,3,0,0,4,0,0,0,0,6,2,0,0,0,0,0,0,2,0.6,1,1,0.2,0,1,"Assssssssssssssss",Thu Apr 20 2023 14:06:46 GMT+0000 (Coordinated Universal Time)
"4112","4",Red,"JW",6,0,0,0,0,0,3,0,3,1,10,3,0,5,0,0,0,0,0,0,0,0,10,0.6,0.7,0.9,0.6,1,1,"",Thu Apr 20 2023 14:06:51 GMT+0000 (Coordinated Universal Time)
"5006","4",Red,"HH",6,0,0,0,0,0,3,0,1,6,5,0,0,5,0,8,0,0,0,0,0,0,10,0.8,1,1,0.6,1,1,"Speedy, good low cube",Thu Apr 20 2023 14:06:59 GMT+0000 (Coordinated Universal Time)
"3184","4",Blue,"KL",6,0,0,6,0,0,3,0,5,2,15,6,0,5,0,2,0,0,0,0,0,0,10,1,1,1,0.7,1,1,"Good bot, won both regionals",Thu Apr 20 2023 14:07:48 GMT+0000 (Coordinated Universal Time)
"9140","5",Blue,"LL",0,0,0,6,0,0,3,12,3,0,10,0,2,0,0,0,0,0,0,0,0,0,10,0.8,1,1,0.7,1,1,"Pretty fast, very slow to place",Thu Apr 20 2023 14:15:17 GMT+0000 (Coordinated Universal Time)
"8717","5",Blue,"Lg",6,0,0,6,0,0,3,0,1,3,0,0,0,5,6,0,0,0,0,0,0,0,2,0.7,0.7,1,0.3,0,1,"Kinda bad ",Thu Apr 20 2023 14:15:26 GMT+0000 (Coordinated Universal Time)
"5172","5",Red,"Hh",0,0,0,0,0,0,0,0,2,4,0,6,0,5,3,0,0,0,0,0,0,0,10,0.7,0.5,1,0.6,1,1,"",Thu Apr 20 2023 14:15:36 GMT+0000 (Coordinated Universal Time)
"2992","5",Red,"JW",0,0,0,0,0,3,3,0,4,2,15,0,2,5,0,2,0,0,0,0,0,0,10,0.8,1,1,0.8,1,1,"",Thu Apr 20 2023 14:15:45 GMT+0000 (Coordinated Universal Time)
"9084","5",Blue,"KL",0,0,0,0,0,0,0,0,1,9,5,0,0,0,3,16,0,0,0,0,0,0,10,1,1,1,0.7,1,1,"What an amazing team ü§©",Thu Apr 20 2023 14:15:57 GMT+0000 (Coordinated Universal Time)
"494","5",Red,"LP",6,0,0,6,0,0,0,0,4,1,10,6,0,0,3,0,0,0,0,0,0,0,10,1,1,1,0.4,1,1,"Green robot arm can place in both directions ",Thu Apr 20 2023 14:16:02 GMT+0000 (Coordinated Universal Time)
"6606","6",Blue,"LL",0,0,0,0,0,0,3,0,0,3,0,0,0,0,3,0,0,0,0,0,0,0,0,0.4,0,1,0.2,1,1,"Very bad overall. Barely did anything. Almost tipped over",Thu Apr 20 2023 14:22:35 GMT+0000 (Coordinated Universal Time)
"3572","6",Red,"Hh",0,0,0,0,0,3,3,0,2,0,5,0,2,5,0,0,0,0,0,0,0,0,10,0.5,0.5,1,0,1,1,"Slow and in the way, inaccurate ",Thu Apr 20 2023 14:22:37 GMT+0000 (Coordinated Universal Time)
"5274","6",Red,"LP",0,0,0,0,4,0,3,12,3,2,0,6,2,5,0,2,0,0,0,0,0,0,10,0.7,0.8,1,0.4,0,1,"",Thu Apr 20 2023 14:22:42 GMT+0000 (Coordinated Universal Time)
"2642","6",Blue,"Lg",6,0,0,6,0,0,3,0,3,2,15,0,0,10,0,0,0,0,0,0,0,0,10,1,1,1,0.4,1,1,"A little slow but efficient ",Thu Apr 20 2023 14:22:52 GMT+0000 (Coordinated Universal Time)
"4143","5",Red,"JW",6,0,0,6,4,0,0,0,7,0,15,6,4,0,0,0,0,0,0,0,0,0,10,1,1,1,0.7,1,1,"",Thu Apr 20 2023 14:23:10 GMT+0000 (Coordinated Universal Time)
"955","6",Blue,"KL",0,0,0,6,0,0,0,0,5,1,10,0,8,0,3,0,0,0,0,0,0,0,10,1,1,1,0.5,1,1,"Arm got caught on auto",Thu Apr 20 2023 14:24:35 GMT+0000 (Coordinated Universal Time)
"5665","7",Blue,"LL",0,0,0,6,0,0,3,0,3,0,0,0,2,0,0,0,0,0,0,0,0,0,0,0.3,0,1,0.5,1,0,"Tipped over",Thu Apr 20 2023 14:29:11 GMT+0000 (Coordinated Universal Time)
"1466","7",Red,"LP",0,0,0,6,0,0,3,12,3,1,0,3,4,0,3,0,0,0,0,0,0,0,10,1,0.5,1,0.3,1,1,"",Thu Apr 20 2023 14:29:54 GMT+0000 (Coordinated Universal Time)
"11","7",Red,"JW",6,0,0,6,0,0,3,0,2,0,10,0,0,0,0,0,0,0,0,0,0,0,0,0.4,1,1,0.6,1,0,"DCed in double sub station ",Thu Apr 20 2023 14:29:57 GMT+0000 (Coordinated Universal Time)
"177","7",Blue,"KL",0,0,3,0,0,3,0,0,6,1,20,6,0,0,3,0,0,0,0,0,0,0,10,1,1,1,0.8,1,1,"3 piece auto, missed last place",Thu Apr 20 2023 14:30:20 GMT+0000 (Coordinated Universal Time)
"3767","7",Blue,"Lg",0,0,0,6,0,0,0,12,2,1,10,0,0,5,0,0,0,0,0,0,0,0,10,1,1,1,0.4,0,1,"",Thu Apr 20 2023 14:30:28 GMT+0000 (Coordinated Universal Time)
"8015","7",Red,"HH",0,0,3,0,0,0,0,0,1,2,0,0,0,0,0,4,0,0,0,0,0,0,10,0.4,0.5,1,0,1,0,"Died then fixed it, slow",Thu Apr 20 2023 14:33:08 GMT+0000 (Coordinated Universal Time)
"4419","8",Red,"LP",6,0,0,0,0,3,0,0,2,4,10,0,0,5,0,6,0,0,0,0,0,0,10,1,1,1,0.5,1,1,"",Thu Apr 20 2023 14:37:36 GMT+0000 (Coordinated Universal Time)
"3218","8",Red,"JW",6,0,0,0,0,3,3,0,3,3,10,3,0,10,3,0,0,0,0,0,0,0,10,0.6,1,1,0.7,1,1,"Drop multiple cones at single sub station",Thu Apr 20 2023 14:37:52 GMT+0000 (Coordinated Universal Time)
"2960","8",Blue,"LL",0,0,0,6,0,0,3,12,5,0,25,0,2,5,0,0,0,0,0,0,0,0,10,1,1,1,0.8,1,1,"Pretty good overall. Can pick up cones at any orientation",Thu Apr 20 2023 14:38:12 GMT+0000 (Coordinated Universal Time)
"8016","8",Blue,"Lg",0,0,0,6,0,0,0,0,2,2,0,6,0,0,3,2,0,0,0,0,0,0,10,0.7,1,1,0.3,0,1,"",Thu Apr 20 2023 14:38:14 GMT+0000 (Coordinated Universal Time)
"7072","8",Red,"HH",0,0,0,0,0,0,3,8,2,2,10,0,0,0,0,4,0,0,0,0,0,0,10,0.6,1,1,0.3,1,1,"Triple balance",Thu Apr 20 2023 14:39:14 GMT+0000 (Coordinated Universal Time)
"4522","9",Red,"Jjr",0,0,3,0,0,0,0,0,0,0,30,6,0,0,0,0,0,0,0,0,0,0,10,1,1,1,0.7,1,1,"Clutched triple balance ",Thu Apr 20 2023 14:45:28 GMT+0000 (Coordinated Universal Time)
"4522","9",Red,"Jjr",0,0,3,0,0,0,0,0,0,0,30,6,0,0,0,0,0,0,0,0,0,0,10,1,1,1,0.7,1,1,"Clutched triple balance ",Thu Apr 20 2023 14:45:30 GMT+0000 (Coordinated Universal Time)
"4329","9",Red,"KP",0,0,0,6,0,0,0,12,3,2,0,9,0,0,3,2,0,0,0,0,0,0,10,0.7,0.9,1,0.6,1,1,"Scored mostly mid",Thu Apr 20 2023 14:45:35 GMT+0000 (Coordinated Universal Time)
"5135","9",Blue,"WC",0,0,0,6,0,0,3,12,0,6,0,0,0,10,9,2,18,6,0,9,9,27,10,0.7,0.8,0.7,0.6,1,1,"",Thu Apr 20 2023 14:45:56 GMT+0000 (Coordinated Universal Time)
"1746","9",Red,"AK",0,0,0,6,0,6,3,0,3,0,15,3,0,0,3,2,0,0,0,0,0,0,10,0.7,1,1,0.7,1,1,"",Thu Apr 20 2023 14:46:15 GMT+0000 (Coordinated Universal Time)
"1836","9",Blue,"AJ",0,0,0,0,0,3,3,0,0,7,5,0,0,0,0,16,0,3,0,0,0,0,10,1,1,1,0.7,1,1,"Can only do cube low but decently efficient with jt",Thu Apr 20 2023 14:46:38 GMT+0000 (Coordinated Universal Time)
"3039","Qual 9",Red,"AS",6,0,0,6,0,0,3,0,7,4,10,6,4,0,3,6,3,0,0,0,0,0,2,1,1,1,0.8,1,1,"",Thu Apr 20 2023 14:46:44 GMT+0000 (Coordinated Universal Time)
"6431","8",Blue,"KL",0,0,0,0,0,0,0,0,0,0,0,0,0,0,0,0,0,0,0,0,0,0,2,1,1,0,0.1,0,1,"Broken intake? Auto didn‚Äôt work, terrible defense",Thu Apr 20 2023 14:48:02 GMT+0000 (Coordinated Universal Time)
"6431","8",Blue,"KL",0,0,0,0,0,0,0,0,0,0,0,0,0,0,0,0,0,0,0,0,0,0,2,1,1,0,0.1,0,1,"Broken intake? Auto didn‚Äôt work, terrible defense",Thu Apr 20 2023 14:48:02 GMT+0000 (Coordinated Universal Time)
"6431","8",Blue,"KL",0,0,0,0,0,0,0,0,0,0,0,0,0,0,0,0,0,0,0,0,0,0,2,1,1,0,0.1,0,1,"Broken intake? Auto didn‚Äôt work, terrible defense",Thu Apr 20 2023 14:48:03 GMT+0000 (Coordinated Universal Time)
"6431","8",Blue,"KL",0,0,0,0,0,0,0,0,0,0,0,0,0,0,0,0,0,0,0,0,0,0,2,1,1,0,0.1,0,1,"Broken intake? Auto didn‚Äôt work, terrible defense",Thu Apr 20 2023 14:48:04 GMT+0000 (Coordinated Universal Time)
"6431","8",Blue,"KL",0,0,0,0,0,0,0,0,0,0,0,0,0,0,0,0,0,0,0,0,0,0,2,1,1,0,0.1,0,1,"Broken intake? Auto didn‚Äôt work, terrible defense",Thu Apr 20 2023 14:48:05 GMT+0000 (Coordinated Universal Time)
"6431","8",Blue,"KL",0,0,0,0,0,0,0,0,0,0,0,0,0,0,0,0,0,0,0,0,0,0,2,1,1,0,0.1,0,1,"Broken intake? Auto didn‚Äôt work, terrible defense",Thu Apr 20 2023 14:48:06 GMT+0000 (Coordinated Universal Time)
"9126","Qual 10",Red,"AS",0,0,0,6,0,0,3,0,0,4,0,0,0,5,3,4,0,0,0,0,0,0,0,1,0.9,1,0.5,1,1,"Really inconsistent intake",Thu Apr 20 2023 14:52:35 GMT+0000 (Coordinated Universal Time)
"179","10",Blue,"WC",6,0,3,0,0,0,0,0,6,2,10,6,4,5,3,0,18,15,6,9,6,12,2,0.9,0.7,1,0.7,1,1,"Really good intake",Thu Apr 20 2023 14:53:36 GMT+0000 (Coordinated Universal Time)
"3003","10",Blue,"JJR",0,0,0,0,0,0,3,0,4,2,10,6,0,0,3,0,0,0,0,0,0,3,10,0.5,0.9,1,0.2,1,1,"Sat in front of single substation for like 15 seconds ",Thu Apr 20 2023 14:54:28 GMT+0000 (Coordinated Universal Time)
"503","Qual 11",Red,"AS",0,0,0,0,4,0,3,0,2,6,10,0,0,5,0,10,0,0,0,0,0,0,10,1,1,0.9,0.7,1,1,"",Thu Apr 20 2023 15:00:07 GMT+0000 (Coordinated Universal Time)
"1123","11",Red,"AJ",0,0,0,6,4,0,3,0,2,5,10,0,0,10,3,4,0,0,0,0,0,0,10,1,1,1,0.7,1,1,"",Thu Apr 20 2023 15:00:51 GMT+0000 (Coordinated Universal Time)
"1123","11",Red,"AJ",0,0,0,6,4,0,3,0,2,5,10,0,0,10,3,4,0,0,0,0,0,0,10,1,1,1,0.7,1,1,"",Thu Apr 20 2023 15:00:59 GMT+0000 (Coordinated Universal Time)
"1123","11",Red,"AJ",0,0,0,6,4,0,3,0,2,5,10,0,0,10,3,4,0,0,0,0,0,0,10,1,1,1,0.7,1,1,"",Thu Apr 20 2023 15:01:06 GMT+0000 (Coordinated Universal Time)
"195","11",Blue,"WC",0,0,0,6,0,3,3,0,7,1,5,9,6,0,0,0,18,18,9,9,9,9,10,0.6,0.2,0.5,0.6,1,1,"Spinning wrist",Thu Apr 20 2023 15:01:49 GMT+0000 (Coordinated Universal Time)
"1468","11",Blue,"Jjr",6,0,0,0,0,0,0,8,4,0,10,9,2,0,0,0,0,0,0,0,0,0,0,0.7,1,1,0.8,1,1,"Pretty decent def on the side as well as scoring ",Thu Apr 20 2023 15:02:05 GMT+0000 (Coordinated Universal Time)
"1468","11",Blue,"Jjr",6,0,0,0,0,0,0,8,4,0,10,9,2,0,0,0,0,0,0,0,0,0,0,0.7,1,1,0.8,1,1,"Pretty decent def on the side as well as scoring ",Thu Apr 20 2023 15:02:05 GMT+0000 (Coordinated Universal Time)
"1468","11",Blue,"Jjr",6,0,0,0,0,0,0,8,4,0,10,9,2,0,0,0,0,0,0,0,0,0,0,0.7,1,1,0.8,1,1,"Pretty decent def on the side as well as scoring ",Thu Apr 20 2023 15:02:06 GMT+0000 (Coordinated Universal Time)
"1468","11",Blue,"Jjr",6,0,0,0,0,0,0,8,4,0,10,9,2,0,0,0,0,0,0,0,0,0,0,0.7,1,1,0.8,1,1,"Pretty decent def on the side as well as scoring ",Thu Apr 20 2023 15:02:07 GMT+0000 (Coordinated Universal Time)
"1468","11",Blue,"Jjr",6,0,0,0,0,0,0,8,4,0,10,9,2,0,0,0,0,0,0,0,0,0,0,0.7,1,1,0.8,1,1,"Pretty decent def on the side as well as scoring ",Thu Apr 20 2023 15:02:07 GMT+0000 (Coordinated Universal Time)
"7285","Qual 12",Red,"AS",0,0,0,0,4,0,3,0,8,0,10,15,2,0,0,0,0,0,0,0,0,0,10,1,1,1,0.6,1,1,"",Thu Apr 20 2023 15:07:03 GMT+0000 (Coordinated Universal Time)
"1629","12",Blue,"WC",0,0,0,6,0,0,3,12,3,2,10,0,2,0,6,0,0,0,0,0,0,0,10,0.6,0.4,0.8,0.3,1,1,"Can‚Äôt pick up off ground",Thu Apr 20 2023 15:07:16 GMT+0000 (Coordinated Universal Time)
"3161","12",Blue,"JJR",0,4,0,0,4,0,3,0,3,1,0,0,2,5,0,0,0,0,0,0,0,0,10,0.3,0.8,1,0.6,1,1,"Broke after being hit and shifted to def",Thu Apr 20 2023 15:10:02 GMT+0000 (Coordinated Universal Time)
"3478","12",Red,"AJ",0,0,3,0,0,0,0,0,5,1,15,0,4,5,0,0,0,0,0,0,0,0,0,1,1,1,0.3,1,1,"",Thu Apr 20 2023 15:12:45 GMT+0000 (Coordinated Universal Time)
"3478","12",Red,"AJ",0,0,3,0,0,0,0,0,5,1,15,0,4,5,0,0,0,0,0,0,0,0,0,1,1,1,0.3,1,1,"",Thu Apr 20 2023 15:13:01 GMT+0000 (Coordinated Universal Time)
"3478","12",Red,"AJ",0,0,3,0,0,0,0,0,5,1,15,0,4,5,0,0,0,0,0,0,0,0,0,1,1,1,0.3,1,1,"",Thu Apr 20 2023 15:13:14 GMT+0000 (Coordinated Universal Time)
"3478","12",Red,"AJ",0,0,3,0,0,0,0,0,5,1,15,0,4,5,0,0,0,0,0,0,0,0,0,1,1,1,0.3,1,1,"",Thu Apr 20 2023 15:13:38 GMT+0000 (Coordinated Universal Time)
"4099","13",Blue,"JJR",0,0,0,0,0,0,0,0,4,2,5,0,2,5,3,4,0,0,0,0,0,0,10,0.6,1,0.9,0.2,1,1,"",Thu Apr 20 2023 15:15:43 GMT+0000 (Coordinated Universal Time)
"9023","13",Red,"AK",0,4,0,0,0,0,3,0,1,1,0,3,0,0,3,0,0,0,0,0,0,0,10,1,1,1,0.5,1,1,"",Thu Apr 20 2023 15:16:07 GMT+0000 (Coordinated Universal Time)
"4099","13",Blue,"JJR",0,0,0,0,0,0,0,0,4,2,5,0,2,5,3,4,0,0,0,0,0,0,10,0.6,1,0.9,0.2,1,1,"",Thu Apr 20 2023 15:16:21 GMT+0000 (Coordinated Universal Time)
"8808","13",Blue,"WC",0,0,0,6,0,0,3,0,1,3,5,0,0,0,9,0,18,3,3,9,9,6,10,0.4,0.3,1,0.3,1,1,"Bad intake ",Thu Apr 20 2023 15:16:26 GMT+0000 (Coordinated Universal Time)
"4145","Qual 13",Red,"AS",0,0,0,6,0,0,3,0,5,1,20,3,0,0,0,0,0,0,0,0,0,0,10,1,1,1,0.6,1,1,"",Thu Apr 20 2023 15:16:59 GMT+0000 (Coordinated Universal Time)
"14","857",Red,"AJ",6,0,0,0,0,0,0,0,2,2,5,3,0,5,0,2,0,0,0,0,0,0,0,1,1,1,0,1,1,"",Thu Apr 20 2023 15:22:01 GMT+0000 (Coordinated Universal Time)
"14","857",Red,"AJ",6,0,0,0,0,0,0,0,2,2,5,3,0,5,0,2,0,0,0,0,0,0,0,1,1,1,0,1,1,"",Thu Apr 20 2023 15:22:01 GMT+0000 (Coordinated Universal Time)
"14","857",Red,"AJ",6,0,0,0,0,0,0,0,2,2,5,3,0,5,0,2,0,0,0,0,0,0,0,1,1,1,0,1,1,"",Thu Apr 20 2023 15:22:02 GMT+0000 (Coordinated Universal Time)
"14","857",Red,"AJ",6,0,0,0,0,0,0,0,2,2,5,3,0,5,0,2,0,0,0,0,0,0,0,1,1,1,0,1,1,"",Thu Apr 20 2023 15:22:02 GMT+0000 (Coordinated Universal Time)
"14","857",Red,"AJ",6,0,0,0,0,0,0,0,2,2,5,3,0,5,0,2,0,0,0,0,0,0,0,1,1,1,0,1,1,"",Thu Apr 20 2023 15:22:02 GMT+0000 (Coordinated Universal Time)
"900","Qual 14",Red,"AS",6,0,0,0,0,0,3,12,3,2,5,0,4,5,0,2,0,0,0,0,0,0,10,1,1,1,0.5,1,1,"",Thu Apr 20 2023 15:22:15 GMT+0000 (Coordinated Universal Time)
"14","857",Red,"AJ",6,0,0,0,0,0,0,0,2,2,5,3,0,5,0,2,0,0,0,0,0,0,0,1,1,1,0,1,1,"",Thu Apr 20 2023 15:22:21 GMT+0000 (Coordinated Universal Time)
"4905","14",Blue,"WC",0,0,0,0,0,0,3,0,0,0,0,0,0,0,0,0,15,3,6,9,3,6,10,0.7,1,0.3,0.5,1,1,"Only defense ",Thu Apr 20 2023 15:22:41 GMT+0000 (Coordinated Universal Time)
"3572","14",Red,"KP",0,0,0,0,0,0,3,0,1,0,5,0,0,0,0,0,0,0,0,0,0,0,0,0,0,1,0.2,1,0,"Pretty garbage",Thu Apr 20 2023 15:22:43 GMT+0000 (Coordinated Universal Time)
"3572","14",Red,"KP",0,0,0,0,0,0,3,0,1,0,5,0,0,0,0,0,0,0,0,0,0,0,0,0,0,1,0.2,1,0,"Pretty garbage",Thu Apr 20 2023 15:22:43 GMT+0000 (Coordinated Universal Time)
"3572","14",Red,"KP",0,0,0,0,0,0,3,0,1,0,5,0,0,0,0,0,0,0,0,0,0,0,0,0,0,1,0.2,1,0,"Pretty garbage",Thu Apr 20 2023 15:22:43 GMT+0000 (Coordinated Universal Time)
"3572","14",Red,"KP",0,0,0,0,0,0,3,0,1,0,5,0,0,0,0,0,0,0,0,0,0,0,0,0,0,1,0.2,1,0,"Pretty garbage",Thu Apr 20 2023 15:22:43 GMT+0000 (Coordinated Universal Time)
"3572","14",Red,"KP",0,0,0,0,0,0,3,0,1,0,5,0,0,0,0,0,0,0,0,0,0,0,0,0,0,1,0.2,1,0,"Pretty garbage",Thu Apr 20 2023 15:22:43 GMT+0000 (Coordinated Universal Time)
"3572","14",Red,"KP",0,0,0,0,0,0,3,0,1,0,5,0,0,0,0,0,0,0,0,0,0,0,0,0,0,1,0.2,1,0,"Pretty garbage",Thu Apr 20 2023 15:22:43 GMT+0000 (Coordinated Universal Time)
"3572","14",Red,"KP",0,0,0,0,0,0,3,0,1,0,5,0,0,0,0,0,0,0,0,0,0,0,0,0,0,1,0.2,1,0,"Pretty garbage",Thu Apr 20 2023 15:22:43 GMT+0000 (Coordinated Universal Time)
"3572","14",Red,"KP",0,0,0,0,0,0,3,0,1,0,5,0,0,0,0,0,0,0,0,0,0,0,0,0,0,1,0.2,1,0,"Pretty garbage",Thu Apr 20 2023 15:22:43 GMT+0000 (Coordinated Universal Time)
"5338","14",Blue,"JJR",6,0,0,0,0,0,3,0,2,3,10,0,0,10,0,4,0,0,0,0,0,0,10,1,1,1,0.8,1,1,"",Thu Apr 20 2023 15:22:47 GMT+0000 (Coordinated Universal Time)
"7428","14",Red,"AK",0,0,0,6,0,0,3,0,0,4,0,0,0,5,3,4,0,0,0,0,0,0,10,0.7,1,1,0.6,0,1,"Super slow intake",Thu Apr 20 2023 15:23:18 GMT+0000 (Coordinated Universal Time)
"5172","15",Blue,"WC",0,0,0,0,0,0,0,0,4,3,10,6,0,5,3,2,18,15,0,9,9,3,10,1,1,1,0.8,1,1,"Bad auto",Thu Apr 20 2023 15:30:54 GMT+0000 (Coordinated Universal Time)
"1156","15",Red,"KP",0,4,0,0,0,0,3,12,2,4,0,6,0,5,6,2,0,0,0,0,0,0,10,1,1,1,0.7,0,1,"",Thu Apr 20 2023 15:30:58 GMT+0000 (Coordinated Universal Time)
"4909","Qual 15",Red,"AS",6,0,0,6,0,0,3,0,6,2,20,3,0,0,3,2,0,0,0,0,0,0,10,1,0.9,1,0.4,1,1,"",Thu Apr 20 2023 15:31:06 GMT+0000 (Coordinated Universal Time)
"5665","15",Red,"AK",0,0,0,6,0,0,3,0,2,0,10,3,0,0,3,0,0,0,0,0,0,0,10,0.6,0.2,1,0,1,1,"Almost tipped over when placing ",Thu Apr 20 2023 15:35:19 GMT+0000 (Coordinated Universal Time)
"5665","15",Red,"AK",0,0,0,6,0,0,3,0,2,0,10,3,0,0,3,0,0,0,0,0,0,0,10,0.6,0.2,1,0,1,1,"Almost tipped over when placing ",Thu Apr 20 2023 15:35:19 GMT+0000 (Coordinated Universal Time)
"5665","15",Red,"AK",0,0,0,6,0,0,3,0,2,0,10,3,0,0,3,0,0,0,0,0,0,0,10,0.6,0.2,1,0,1,1,"Almost tipped over when placing ",Thu Apr 20 2023 15:35:19 GMT+0000 (Coordinated Universal Time)
"5665","15",Red,"AK",0,0,0,6,0,0,3,0,2,0,10,3,0,0,3,0,0,0,0,0,0,0,10,0.6,0.2,1,0,1,1,"Almost tipped over when placing ",Thu Apr 20 2023 15:35:19 GMT+0000 (Coordinated Universal Time)
"5665","15",Red,"AK",0,0,0,6,0,0,3,0,2,0,10,3,0,0,3,0,0,0,0,0,0,0,10,0.6,0.2,1,0,1,1,"Almost tipped over when placing ",Thu Apr 20 2023 15:35:19 GMT+0000 (Coordinated Universal Time)
"5665","15",Red,"AK",0,0,0,6,0,0,3,0,2,0,10,3,0,0,3,0,0,0,0,0,0,0,10,0.6,0.2,1,0,1,1,"Almost tipped over when placing ",Thu Apr 20 2023 15:35:19 GMT+0000 (Coordinated Universal Time)
"5665","15",Red,"AK",0,0,0,6,0,0,3,0,2,0,10,3,0,0,3,0,0,0,0,0,0,0,10,0.6,0.2,1,0,1,1,"Almost tipped over when placing ",Thu Apr 20 2023 15:35:19 GMT+0000 (Coordinated Universal Time)
"5665","15",Red,"AK",0,0,0,6,0,0,3,0,2,0,10,3,0,0,3,0,0,0,0,0,0,0,10,0.6,0.2,1,0,1,1,"Almost tipped over when placing ",Thu Apr 20 2023 15:35:20 GMT+0000 (Coordinated Universal Time)
"5665","15",Red,"AK",0,0,0,6,0,0,3,0,2,0,10,3,0,0,3,0,0,0,0,0,0,0,10,0.6,0.2,1,0,1,1,"Almost tipped over when placing ",Thu Apr 20 2023 15:35:20 GMT+0000 (Coordinated Universal Time)
"5665","15",Red,"AK",0,0,0,6,0,0,3,0,2,0,10,3,0,0,3,0,0,0,0,0,0,0,10,0.6,0.2,1,0,1,1,"Almost tipped over when placing ",Thu Apr 20 2023 15:35:20 GMT+0000 (Coordinated Universal Time)
"5665","15",Red,"AK",0,0,0,6,0,0,3,0,2,0,10,3,0,0,3,0,0,0,0,0,0,0,10,0.6,0.2,1,0,1,1,"Almost tipped over when placing ",Thu Apr 20 2023 15:35:20 GMT+0000 (Coordinated Universal Time)
"11","",Red,"JJR",6,0,0,0,0,0,0,0,1,3,5,0,0,5,3,0,0,0,0,0,0,0,0,1,1,1,0,1,1,"Fell over in. The substation blocking their entire team",Thu Apr 20 2023 15:37:40 GMT+0000 (Coordinated Universal Time)
"1023","Qual 16",Red,"AS",0,4,0,0,4,0,3,0,5,3,5,12,0,0,3,4,0,0,0,0,0,0,10,1,1,1,0.6,1,1,"",Thu Apr 20 2023 15:37:57 GMT+0000 (Coordinated Universal Time)
"11","",Red,"JJR",6,0,0,0,0,0,0,0,1,3,5,0,0,5,3,0,0,0,0,0,0,0,0,0,1,1,0,1,0,"Fell over in. The substation blocking their entire team",Thu Apr 20 2023 15:37:58 GMT+0000 (Coordinated Universal Time)
"11","",Red,"JJR",6,0,0,0,0,0,0,0,1,3,5,0,0,5,3,0,0,0,0,0,0,0,0,0,1,1,0,1,0,"Fell over in. The substation blocking their entire team",Thu Apr 20 2023 15:38:09 GMT+0000 (Coordinated Universal Time)
"5274","16",Blue,"WC",0,0,0,6,0,0,3,12,1,3,0,6,0,10,0,2,12,6,0,9,6,6,10,0.6,0.5,1,0.4,1,1,"",Thu Apr 20 2023 15:38:52 GMT+0000 (Coordinated Universal Time)
"4329","17",Blue,"LL",0,0,0,6,0,0,3,12,3,2,10,3,0,0,3,2,0,0,0,0,0,0,10,1,1,1,0.5,1,1,"",Thu Apr 20 2023 15:46:21 GMT+0000 (Coordinated Universal Time)
"4143","17",Red,"LP",6,0,0,0,0,0,3,0,5,4,5,6,4,5,3,2,0,0,0,0,0,0,10,1,0.8,1,0.5,1,1,"",Thu Apr 20 2023 15:47:19 GMT+0000 (Coordinated Universal Time)
"2992","17",Red,"MR",0,0,0,0,0,3,3,0,1,0,0,3,2,0,0,0,0,0,0,0,0,0,10,1,0.9,1,0.5,1,1,"Very poor at intaking cones at loading station. make sure to talk to them bout that",Thu Apr 20 2023 15:47:22 GMT+0000 (Coordinated Universal Time)
"3218","17",Red,"JW",0,0,0,0,0,0,0,0,3,2,5,3,2,5,3,0,0,0,0,0,0,0,10,1,0.4,1,0.7,1,1,"",Thu Apr 20 2023 15:47:22 GMT+0000 (Coordinated Universal Time)
"5804","17",Blue,"HH ",6,0,3,0,0,0,3,0,5,2,15,0,4,0,3,2,0,0,0,0,0,0,10,1,0.4,1,0.7,1,1,"Fast but tippy, triple balance",Thu Apr 20 2023 15:47:27 GMT+0000 (Coordinated Universal Time)
"3184","17",Red,"ATC4",6,0,0,0,0,0,0,8,7,0,15,9,2,0,0,0,0,0,0,0,0,0,0,0.9,1,1,0.6,1,1,"Only went for cones but intake can take cubes",Thu Apr 20 2023 15:47:33 GMT+0000 (Coordinated Universal Time)
"3184","17",Red,"ATC4",6,0,0,0,0,0,0,8,7,0,15,9,2,0,0,0,0,0,0,0,0,0,0,0.9,1,1,0.6,1,1,"Only went for cones but intake can take cubes",Thu Apr 20 2023 15:47:34 GMT+0000 (Coordinated Universal Time)
"3767","18",Blue,"LP",0,0,0,6,0,0,0,0,0,0,0,0,0,0,0,0,0,0,0,0,0,0,0,1,1,1,0,1,0,"",Thu Apr 20 2023 15:54:05 GMT+0000 (Coordinated Universal Time)
"6606","18",Red,"ATC4",0,0,0,0,0,0,3,0,0,1,0,0,0,0,3,2,0,0,0,0,0,0,0,0.2,0,0,0.2,1,1,"",Thu Apr 20 2023 15:55:22 GMT+0000 (Coordinated Universal Time)
"4522","18",Blue,"LL",6,0,0,6,0,0,3,0,7,0,25,6,0,0,0,0,0,0,0,0,0,0,10,1,1,1,0.9,1,1,"Very solid robot",Thu Apr 20 2023 15:55:22 GMT+0000 (Coordinated Universal Time)
"9126","17",Blue,"HH ",0,0,0,6,0,0,3,0,0,5,0,0,0,0,3,2,0,0,0,0,0,0,10,0.5,0.7,1,0,1,1,"Slow, cube shooter, got cubes stuck in belly pan ",Thu Apr 20 2023 15:55:38 GMT+0000 (Coordinated Universal Time)
"8016","18",Red,"MR",0,0,0,6,0,0,3,0,1,1,0,6,0,0,3,0,0,0,0,0,0,0,10,1,1,1,0,0,1,"slow arm. terribly inconsistent intake. CONSIDER OTHERS FIRST.",Thu Apr 20 2023 15:56:09 GMT+0000 (Coordinated Universal Time)
"7072","19",Red,"JW",0,0,0,0,4,0,3,12,0,5,0,0,0,0,3,8,0,0,0,0,0,0,10,0.9,1,1,0.6,1,1,"",Thu Apr 20 2023 16:02:43 GMT+0000 (Coordinated Universal Time)
"3039","19",Blue,"LL",6,0,0,6,0,0,3,0,5,3,10,9,2,0,3,4,0,0,0,0,0,0,10,1,1,1,0.8,1,1,"Very reliable intake ",Thu Apr 20 2023 16:02:47 GMT+0000 (Coordinated Universal Time)
"5135","19",Blue,"Hh",0,0,0,6,0,0,0,0,4,1,15,0,0,0,3,0,0,0,0,0,0,0,2,0.7,1,1,0.7,1,1,"Fast, good high cone",Thu Apr 20 2023 16:03:19 GMT+0000 (Coordinated Universal Time)
"5553","19",Red,"ATC4",0,0,0,6,0,0,3,0,0,2,0,0,0,5,3,2,0,0,0,0,0,0,10,0.8,0.7,1,0.4,1,1,"Turret, intake and placement system separate",Thu Apr 20 2023 16:03:21 GMT+0000 (Coordinated Universal Time)
"5553","19",Red,"ATC4",0,0,0,6,0,0,3,0,0,2,0,0,0,5,3,2,0,0,0,0,0,0,10,0.8,0.7,1,0.4,1,1,"Turret, intake and placement system separate",Thu Apr 20 2023 16:03:22 GMT+0000 (Coordinated Universal Time)
"9140","19",Blue,"LP",0,0,0,0,0,0,3,0,3,1,0,9,0,0,3,0,0,0,0,0,0,0,10,0.7,1,1,0.4,0,1,"",Thu Apr 20 2023 16:03:29 GMT+0000 (Coordinated Universal Time)
"1538","19",Red,"MR",6,0,3,0,0,0,0,0,5,1,15,6,0,5,0,0,0,0,0,0,0,0,10,1,1,1,1,1,1,"slams into loading station very hard. last hit looks to have broken the arm rotator. Excellent robot!",Thu Apr 20 2023 16:04:11 GMT+0000 (Coordinated Universal Time)
"5990","20",Blue,"LP",0,0,3,6,0,0,3,0,3,1,10,0,0,0,3,2,0,0,0,0,0,0,10,0.7,1,1,0.2,1,1,"",Thu Apr 20 2023 16:12:49 GMT+0000 (Coordinated Universal Time)
"955","20",Blue,"LL",6,0,0,0,0,0,3,0,4,2,10,0,4,5,0,2,0,0,0,0,0,0,10,1,0.5,1,0.4,1,1,"Bad intake",Thu Apr 20 2023 16:12:50 GMT+0000 (Coordinated Universal Time)
"6431","20",Blue,"HH",6,0,0,0,0,0,3,0,0,0,0,0,0,0,0,4,0,0,0,0,0,0,0,0.4,0.5,1,0.1,1,1,"Slow cube pusher",Thu Apr 20 2023 16:13:04 GMT+0000 (Coordinated Universal Time)
"3932","20",Red,"JW",0,0,0,0,0,3,0,0,4,1,15,0,2,0,0,2,0,0,0,0,0,0,0,0.5,1,1,0.5,1,1,"No auto align place",Thu Apr 20 2023 16:13:22 GMT+0000 (Coordinated Universal Time)
"8015","20",Red,"MR",0,0,0,0,0,3,3,0,0,1,0,0,0,0,0,2,0,0,0,0,0,0,0,0.2,1,0.9,0,0,0,"not functional and drove without aim nor agency. DO NOT PICK.",Thu Apr 20 2023 16:14:02 GMT+0000 (Coordinated Universal Time)
"6909","20",Red,"ATC4",0,0,0,6,0,0,0,0,0,2,0,0,0,0,0,2,0,0,0,0,0,0,2,0,0,0.5,0.1,0,1,"",Thu Apr 20 2023 16:14:03 GMT+0000 (Coordinated Universal Time)
"3161","21",Blue,"LL",0,4,0,0,4,0,3,0,6,1,0,12,4,0,0,2,0,0,0,0,0,0,0,1,1,1,0.7,1,1,"Slow shooting",Thu Apr 20 2023 16:22:39 GMT+0000 (Coordinated Universal Time)
"4145","21",Red,"JW",0,0,0,0,0,0,3,0,4,2,10,3,4,5,3,0,0,0,0,0,0,0,10,0.9,1,1,0.7,1,1,"Slow placement, new intake? ",Thu Apr 20 2023 16:22:41 GMT+0000 (Coordinated Universal Time)
"6817","21",Blue,"HH",0,0,0,0,4,0,3,0,0,0,0,0,0,0,0,0,0,0,0,0,0,0,0,0.4,0.7,1,0.1,0,1,"Slow, defense? Just sat in the way and did nothing ",Thu Apr 20 2023 16:22:43 GMT+0000 (Coordinated Universal Time)
"1836","21",Blue,"LP",0,0,0,0,0,3,3,0,0,7,0,0,0,0,0,14,0,0,0,0,0,0,10,0.8,1,1,0.3,1,1,"",Thu Apr 20 2023 16:22:45 GMT+0000 (Coordinated Universal Time)
"7617","21",Red,"ATC4",0,4,0,0,0,0,3,0,2,3,5,3,0,5,3,2,0,0,0,0,0,0,10,0.6,0.7,1,0.4,0,1,"",Thu Apr 20 2023 16:23:14 GMT+0000 (Coordinated Universal Time)
"1816","21",Red,"MR",6,0,0,0,0,0,3,12,5,1,10,6,4,5,0,0,0,0,0,0,0,0,0,1,0.8,1,0.8,1,1,"fast and capable. good at picking up all pieces, not much to say. not bad",Thu Apr 20 2023 16:24:09 GMT+0000 (Coordinated Universal Time)
"4944","22",Blue,"LL",6,0,0,0,0,0,0,12,3,3,10,3,0,5,0,4,0,0,0,0,0,0,6,1,1,1,0.6,1,1,"Slow shooting. Good elevator",Thu Apr 20 2023 16:30:05 GMT+0000 (Coordinated Universal Time)
"8847","22",Red,"JW",0,0,0,0,4,0,0,0,0,5,0,0,0,0,3,8,0,0,0,0,0,0,10,0.5,1,1,0.7,1,1,"",Thu Apr 20 2023 16:30:07 GMT+0000 (Coordinated Universal Time)
"3940","22",Red,"ATC4",0,0,0,6,0,0,3,12,4,1,15,0,2,5,0,0,0,0,0,0,0,0,10,0.8,0.3,1,0.7,0,1,"",Thu Apr 20 2023 16:30:13 GMT+0000 (Coordinated Universal Time)
"7285","22",Blue,"LP",0,0,0,0,4,0,3,0,6,1,15,6,2,5,0,0,0,0,0,0,0,0,6,1,1,1,0.6,1,1,"Almost had a 3 piece auto",Thu Apr 20 2023 16:30:49 GMT+0000 (Coordinated Universal Time)
"9030","22",Red,"Hh",0,0,0,0,4,0,3,0,0,2,0,0,0,0,0,4,0,0,0,0,0,0,0,0.5,0.7,1,0.1,1,1,"Slow and inaccurate, low cube",Thu Apr 20 2023 16:31:05 GMT+0000 (Coordinated Universal Time)
"1468","22",Red,"MR",0,0,3,0,0,0,3,0,3,1,15,6,0,0,0,2,0,0,0,0,0,0,0,1,0.8,1,0.7,1,1,"solid. not particularly interesting. consistent.",Thu Apr 20 2023 16:31:24 GMT+0000 (Coordinated Universal Time)
"4099","23",Blue,"LP",6,0,0,0,4,0,3,0,3,4,5,6,0,5,0,6,0,0,0,0,0,0,10,1,1,1,0.4,1,1,"",Thu Apr 20 2023 16:37:32 GMT+0000 (Coordinated Universal Time)
"1757","23",Blue,"LL",6,0,0,0,4,0,3,0,3,2,10,3,0,5,0,0,0,0,0,0,0,0,0,0.7,0.5,1,0.5,1,0,"Died at very end",Thu Apr 20 2023 16:37:36 GMT+0000 (Coordinated Universal Time)
"3478","23",Red,"JW",0,0,0,0,0,0,0,0,7,0,20,0,2,0,0,0,0,0,0,0,0,0,2,1,1,1,0.8,1,1,"",Thu Apr 20 2023 16:37:43 GMT+0000 (Coordinated Universal Time)
"9062","23",Red,"MR",0,0,3,0,0,0,3,0,0,4,0,0,0,0,0,0,0,0,0,0,0,0,10,1,1,1,0.6,1,1,"uses a SHOOTER to fire cubes at the grid. not accurate or consistent, but not a slow bot.",Thu Apr 20 2023 16:38:17 GMT+0000 (Coordinated Universal Time)
"4419","23",Blue,"Hh",0,0,3,0,0,0,0,12,4,1,10,6,0,5,0,2,0,0,0,0,0,0,10,1,1,1,0.5,1,1,"Fast ",Thu Apr 20 2023 16:39:57 GMT+0000 (Coordinated Universal Time)
"6657","23",Red,"ATC4",0,0,0,0,0,0,0,8,0,5,0,0,0,10,0,6,0,0,0,0,0,0,10,0.2,1,0.7,0.7,1,1,"",Thu Apr 20 2023 16:40:28 GMT+0000 (Coordinated Universal Time)
"3538","24",Blue,"LL",6,0,0,0,0,0,3,0,6,1,10,12,2,5,0,0,0,0,0,0,0,0,10,1,0.6,1,0.7,1,1,"Overall good. ",Thu Apr 20 2023 16:44:54 GMT+0000 (Coordinated Universal Time)
"9023","24",Red,"JW",0,4,0,0,0,0,3,0,3,1,0,9,0,0,3,0,0,0,0,0,0,0,10,0.7,1,1,0.7,1,1,"",Thu Apr 20 2023 16:45:00 GMT+0000 (Coordinated Universal Time)
"195","24",Blue,"LP",0,0,0,0,0,3,3,0,4,2,15,3,0,5,3,2,0,0,0,0,0,0,10,1,0.8,1,0.6,0,1,"",Thu Apr 20 2023 16:45:08 GMT+0000 (Coordinated Universal Time)
"1466","24",Blue,"Hh",0,0,0,6,0,0,3,12,0,4,0,0,0,5,3,2,0,0,0,0,0,0,10,0.8,1,1,0.4,1,1,"Triple balance, some defense",Thu Apr 20 2023 16:45:25 GMT+0000 (Coordinated Universal Time)
"1629","24",Red,"ATC4",0,0,0,6,0,0,3,8,3,2,5,3,2,5,3,0,0,0,0,0,0,0,10,0.5,0.8,0.8,0.7,1,1,"",Thu Apr 20 2023 16:46:00 GMT+0000 (Coordinated Universal Time)
"179","24",Red,"MR",12,0,3,0,0,0,0,0,4,3,15,0,2,5,3,6,0,0,0,0,0,0,2,1,1,1,1,1,1,"alarmingly competent. shocking how capable it is.",Thu Apr 20 2023 16:46:05 GMT+0000 (Coordinated Universal Time)
"9084","25",Blue,"JW",6,0,0,0,0,0,3,0,1,7,5,0,0,5,0,12,0,0,0,0,0,0,10,0.8,1,1,0.9,1,1,"",Thu Apr 20 2023 16:52:32 GMT+0000 (Coordinated Universal Time)
"1746","Qual 25",Red,"AS",0,0,0,6,0,3,3,0,4,1,5,6,2,5,0,0,0,0,0,0,0,0,0,0.8,1,1,0.5,1,1,"",Thu Apr 20 2023 16:52:42 GMT+0000 (Coordinated Universal Time)
"1123","25",Red,"AK",0,0,0,6,4,0,3,0,1,4,5,0,0,0,0,8,0,0,0,0,0,0,10,0.6,0.6,1,0.6,0,1,"Might tip over when placing high",Thu Apr 20 2023 16:53:08 GMT+0000 (Coordinated Universal Time)
"503","25",Red,"Lg",0,0,0,6,4,0,3,0,5,1,15,0,2,10,3,0,0,0,0,0,0,0,10,1,1,1,0.7,1,1,"Pretty good",Thu Apr 20 2023 16:53:09 GMT+0000 (Coordinated Universal Time)
"2960","25",Red,"KL",0,0,0,6,0,0,3,12,1,0,0,0,2,0,0,2,0,0,0,0,0,0,0,0.9,0.9,0.9,0.1,0,0,"Broke mid game in substation",Thu Apr 20 2023 16:53:16 GMT+0000 (Coordinated Universal Time)
"9084","25",Blue,"MR",6,0,0,0,0,0,3,0,1,2,5,0,0,5,0,12,0,0,0,0,0,0,10,0.6,0.9,1,0.9,1,1,"surprisingly quick. no auto balance sucks. time consuming spatula collect.",Thu Apr 20 2023 16:54:04 GMT+0000 (Coordinated Universal Time)
"9084","25",Blue,"MR",6,0,0,0,0,0,3,0,1,2,5,0,0,5,0,12,0,0,0,0,0,0,10,0.6,0.9,1,0.9,1,1,"surprisingly quick. no auto balance sucks. time consuming spatula collect.",Thu Apr 20 2023 16:54:14 GMT+0000 (Coordinated Universal Time)
"8592","25",Red,"JJR",6,0,0,0,0,0,0,0,8,0,15,12,0,0,3,0,0,0,0,0,0,0,0,1,1,1,0,1,1,"",Thu Apr 20 2023 16:54:14 GMT+0000 (Coordinated Universal Time)
"8592","25",Red,"JJR",6,0,0,0,0,0,0,0,8,0,15,12,0,0,3,0,0,0,0,0,0,0,0,1,1,1,0,1,1,"",Thu Apr 20 2023 16:54:21 GMT+0000 (Coordinated Universal Time)
"1501","Qual 26",Red,"AS",6,0,0,0,0,0,3,0,2,1,5,0,2,0,0,0,0,0,0,0,0,0,10,0.9,1,1,0.3,1,1,"",Thu Apr 20 2023 17:01:06 GMT+0000 (Coordinated Universal Time)
"2992","26",Blue,"JJR",0,0,0,0,4,3,3,0,3,3,0,6,2,5,3,2,0,0,0,0,0,0,2,0.7,0.8,1,0.7,1,1,"Arrogant but missed alot",Thu Apr 20 2023 17:01:24 GMT+0000 (Coordinated Universal Time)
"177","26",Red,"KL",0,0,0,0,0,3,3,0,6,1,10,6,0,0,0,2,0,0,0,0,0,0,10,0.9,1,1,0.8,1,1,"Intake drops cones easily",Thu Apr 20 2023 17:01:30 GMT+0000 (Coordinated Universal Time)
"3003","26",Red,"Lg",6,0,0,0,0,0,3,0,0,4,0,0,0,10,3,2,0,0,0,0,0,0,10,1,0.8,1,0.4,1,1,"",Thu Apr 20 2023 17:01:51 GMT+0000 (Coordinated Universal Time)
"4522","26",Red,"AK",6,0,0,0,4,0,3,0,3,0,10,12,0,5,0,2,0,0,0,0,0,0,10,0.9,1,1,0,1,1,"Pretty Good",Thu Apr 20 2023 17:02:56 GMT+0000 (Coordinated Universal Time)
"1538","27",Red,"AK",6,0,3,6,0,0,0,0,9,0,10,9,8,0,0,0,0,0,0,0,0,0,10,1,1,1,1,1,1,"Very very good",Thu Apr 20 2023 17:08:13 GMT+0000 (Coordinated Universal Time)
"3572","Qual 27",Blue,"AS",0,0,0,0,4,0,0,0,0,0,0,0,0,0,0,0,0,0,0,0,0,0,0,0.9,0.8,1,0.4,1,1,"Another team broke 3572‚Äôs intake",Thu Apr 20 2023 17:08:18 GMT+0000 (Coordinated Universal Time)
"494","27",Blue,"KP",0,0,0,6,0,0,3,12,6,1,25,3,0,5,0,0,0,0,0,0,0,0,10,1,1,1,0.8,1,1,"",Thu Apr 20 2023 17:08:19 GMT+0000 (Coordinated Universal Time)
"8808","27",Red,"KL",0,0,0,6,0,0,3,0,1,4,5,0,0,0,6,2,0,0,0,0,0,0,10,0.5,1,1,0.5,1,1,"",Thu Apr 20 2023 17:08:24 GMT+0000 (Coordinated Universal Time)
"5665","27",Red,"Lg",0,0,0,6,0,0,0,12,3,0,10,0,2,0,0,0,0,0,0,0,0,0,10,1,0.3,1,0.5,1,1,"",Thu Apr 20 2023 17:08:29 GMT+0000 (Coordinated Universal Time)
"1023","27",Blue,"JJR",0,4,0,0,0,0,0,0,5,3,0,15,0,0,6,2,0,0,0,0,0,0,10,0.9,0.8,1,0.7,1,1,"Bad driver ",Thu Apr 20 2023 17:08:56 GMT+0000 (Coordinated Universal Time)
"1023","27",Blue,"JJR",0,4,0,0,0,0,0,0,5,3,0,15,0,0,6,2,0,0,0,0,0,0,10,0.9,0.8,1,0.7,1,1,"Bad driver ",Thu Apr 20 2023 17:09:14 GMT+0000 (Coordinated Universal Time)
"3039","28",Red,"AK",6,0,0,0,0,0,3,0,5,4,5,9,2,5,3,4,0,0,0,0,0,0,0,1,1,1,0.8,1,1,"Pretty good, slow shootinf",Thu Apr 20 2023 17:16:05 GMT+0000 (Coordinated Universal Time)
"3218","28",Blue,"KP",6,0,0,6,0,0,3,0,5,1,15,3,2,0,3,0,0,0,0,0,0,0,6,1,1,1,0.7,1,1,"",Thu Apr 20 2023 17:16:06 GMT+0000 (Coordinated Universal Time)
"9126","Qual 28",Blue,"AS",0,0,0,6,0,0,0,0,0,3,0,0,0,0,0,8,0,0,0,0,0,0,6,0.9,0.6,1,0.5,1,1,"",Thu Apr 20 2023 17:16:10 GMT+0000 (Coordinated Universal Time)
"11","28",Red,"Lg",6,0,0,6,0,0,3,0,3,2,15,3,0,5,0,2,0,0,0,0,0,0,10,1,1,1,0.6,1,1,"",Thu Apr 20 2023 17:16:13 GMT+0000 (Coordinated Universal Time)
"1156","28",Red,"KL",0,4,0,0,0,0,0,12,5,1,0,9,0,0,3,0,0,0,0,0,0,0,10,1,1,1,0.5,1,1,"",Thu Apr 20 2023 17:16:20 GMT+0000 (Coordinated Universal Time)
"6909","28",Blue,"JJR",0,0,0,6,0,0,3,0,0,3,0,0,0,5,3,2,0,0,0,0,0,0,0,0.3,0.4,1,0.2,0,1,"24 second cycle time best üíÄ",Thu Apr 20 2023 17:17:08 GMT+0000 (Coordinated Universal Time)
"5553","29",Blue,"KP",0,0,0,0,0,0,0,0,1,0,5,0,0,0,0,0,0,0,0,0,0,0,10,1,0.8,0.8,0.6,1,1,"",Thu Apr 20 2023 17:24:20 GMT+0000 (Coordinated Universal Time)
"4145","Qual 29",Blue,"AS",0,0,0,6,0,0,0,0,5,1,15,6,0,5,0,0,0,0,0,0,0,0,10,1,0.7,1,0.7,1,1,"",Thu Apr 20 2023 17:24:22 GMT+0000 (Coordinated Universal Time)
"5804","29",Red,"KL",6,0,0,0,0,0,3,12,3,2,15,0,0,10,0,0,0,0,0,0,0,0,10,1,1,1,0.6,1,1,"Played with one team missing",Thu Apr 20 2023 17:24:36 GMT+0000 (Coordinated Universal Time)
"6431","29",Red,"Lg",0,0,0,0,0,0,3,0,0,1,0,0,0,0,0,2,0,0,0,0,0,0,10,1,0.5,1,0,0,1,"Asssssssssssssssssss",Thu Apr 20 2023 17:24:44 GMT+0000 (Coordinated Universal Time)
"4112","29",Blue,"JJR",6,0,0,0,0,0,3,0,3,3,0,0,0,10,3,4,0,0,0,0,0,0,10,0.7,0.1,1,0.7,1,1,"Almost fell... Twice one time recovered after lightly tapping allied bot",Thu Apr 20 2023 17:25:18 GMT+0000 (Coordinated Universal Time)
"4112","29",Blue,"JJR",6,0,0,0,0,0,3,0,3,3,0,0,0,10,3,4,0,0,0,0,0,0,10,0.7,0.1,1,0.7,1,1,"Almost fell... Twice one time recovered after lightly tapping allied bot",Thu Apr 20 2023 17:25:47 GMT+0000 (Coordinated Universal Time)
"5990","Qual 30",Red,"AS",6,0,0,0,0,0,3,0,2,3,15,0,0,5,0,0,0,0,0,0,0,0,0,0.9,1,1,0.5,1,0,"",Thu Apr 20 2023 17:33:55 GMT+0000 (Coordinated Universal Time)
"9140","29",Red,"KL",0,0,0,6,0,0,3,12,1,0,10,0,0,0,3,0,0,0,0,0,0,0,10,1,1,1,0.7,1,1,"",Thu Apr 20 2023 17:34:00 GMT+0000 (Coordinated Universal Time)
"3940","30",Red,"AK",0,0,0,6,0,0,0,0,2,2,10,3,0,0,3,0,0,0,0,0,0,0,10,1,1,1,0.5,1,1,"Really bad shooting",Thu Apr 20 2023 17:34:01 GMT+0000 (Coordinated Universal Time)
"4069","",Red,"",0,0,0,0,0,3,3,0,3,1,5,0,2,5,0,2,0,0,0,0,0,0,10,0.7,1,1,0.5,1,1,"",Thu Apr 20 2023 17:34:07 GMT+0000 (Coordinated Universal Time)
"4143","",Red,"",6,0,0,6,0,0,3,0,5,0,5,12,0,0,0,0,0,0,0,0,0,0,10,1,0.8,1,0.5,1,1,"Picked knocked over cone from ground ",Thu Apr 20 2023 17:34:19 GMT+0000 (Coordinated Universal Time)
"8847","30",Blue,"JJR",0,0,0,0,0,0,0,12,0,5,0,0,0,0,0,10,0,0,0,0,0,0,10,1,1,1,0.3,0,1,"Just a slower floppier tank drive version of 4414",Thu Apr 20 2023 17:35:00 GMT+0000 (Coordinated Universal Time)
"8847","30",Blue,"JJR",0,0,0,0,0,0,0,12,0,5,0,0,0,0,0,10,0,0,0,0,0,0,10,1,1,1,0.3,0,1,"Just a slower floppier tank drive version of 4414",Thu Apr 20 2023 17:35:02 GMT+0000 (Coordinated Universal Time)
"7285","31",Red,"AK",0,4,0,0,4,3,0,0,2,0,5,0,0,0,0,0,0,0,0,0,0,0,0,1,1,1,0,1,0,"Died",Thu Apr 20 2023 17:42:12 GMT+0000 (Coordinated Universal Time)
"8016","31",Blue,"KP",0,0,0,6,0,0,3,0,2,1,0,3,2,0,3,0,0,0,0,0,0,0,6,1,0.9,1,0.4,1,1,"",Thu Apr 20 2023 17:42:33 GMT+0000 (Coordinated Universal Time)
"1757","31",Blue,"JJR",6,0,0,0,0,0,3,0,4,1,15,3,2,5,0,0,0,0,0,0,0,0,6,1,1,1,0.4,1,1,"Consistent ",Thu Apr 20 2023 17:42:35 GMT+0000 (Coordinated Universal Time)
"7617","Qual 31",Blue,"AS",0,0,0,6,0,0,3,12,6,0,20,3,0,0,0,0,0,0,0,0,0,0,0,1,0.9,1,0,0,1,"",Thu Apr 20 2023 17:42:38 GMT+0000 (Coordinated Universal Time)
"1757","31",Blue,"JJR",6,0,0,0,0,0,3,0,4,1,15,3,2,5,0,0,0,0,0,0,0,0,6,1,1,1,0.4,1,1,"Consistent ",Thu Apr 20 2023 17:42:52 GMT+0000 (Coordinated Universal Time)
"5172","30",Red,"KL",0,4,0,0,0,0,0,0,0,0,10,3,0,5,3,4,0,0,0,0,0,0,10,1,1,1,0.6,1,1,"Misplaced a cube",Thu Apr 20 2023 17:42:57 GMT+0000 (Coordinated Universal Time)
"4099","31",Red,"Lg",6,0,0,0,0,0,3,0,4,2,15,3,0,5,0,2,0,0,0,0,0,0,10,1,1,1,0.6,1,1,"Solid ",Thu Apr 20 2023 17:43:05 GMT+0000 (Coordinated Universal Time)
"179","32",Red,"AK",6,0,0,0,0,0,0,0,0,0,0,0,0,0,0,0,0,0,0,0,0,0,0,1,1,1,0,1,0,"Died",Thu Apr 20 2023 17:49:47 GMT+0000 (Coordinated Universal Time)
"6657","33",Blue,"KP",0,0,0,0,0,3,0,0,0,4,0,0,0,5,0,6,0,0,0,0,0,0,10,0.8,1,1,0.6,1,1,"",Thu Apr 20 2023 17:50:13 GMT+0000 (Coordinated Universal Time)
"3932","Qual 32",Blue,"AS",0,0,0,6,0,0,0,0,5,0,20,0,0,0,0,0,0,0,0,0,0,0,2,0.9,0.8,1,0.4,1,1,"",Thu Apr 20 2023 17:50:24 GMT+0000 (Coordinated Universal Time)
"3478","32",Red,"KL",6,0,0,0,0,0,3,0,5,3,5,6,2,5,3,2,0,0,0,0,0,0,10,1,1,1,0.8,1,1,"",Thu Apr 20 2023 17:50:41 GMT+0000 (Coordinated Universal Time)
"857","32",Red,"Lg",6,0,0,0,0,0,0,0,4,3,15,0,2,10,0,2,0,0,0,0,0,0,10,1,1,1,0.7,1,1,"",Thu Apr 20 2023 17:51:31 GMT+0000 (Coordinated Universal Time)
"1836","32",Blue,"JJR",0,0,0,0,0,0,3,0,0,3,0,0,0,0,0,10,0,0,0,0,0,0,10,0.3,1,0.6,0.3,0,1,"How did they get to Huston : catastrophic autos got them 3 penalties, they went into opponents community, cube only, bad drivers hitting teammates just bad DO NOT ALLIANCE ",Thu Apr 20 2023 17:52:09 GMT+0000 (Coordinated Universal Time)
"1836","32",Blue,"JJR",0,0,0,0,0,0,3,0,0,3,0,0,0,0,0,10,0,0,0,0,0,0,10,0.3,1,0.6,0.3,0,1,"How did they get to Huston : catastrophic autos got them 3 penalties, they went into opponents community, cube only, bad drivers hitting teammates just bad DO NOT ALLIANCE ",Thu Apr 20 2023 17:52:16 GMT+0000 (Coordinated Universal Time)
"5006","33",Blue,"LP",6,0,0,0,0,0,3,0,4,1,10,3,2,5,0,0,0,0,0,0,0,0,10,1,1,1,0.6,1,1,"",Thu Apr 20 2023 17:58:48 GMT+0000 (Coordinated Universal Time)
"7428","33",Red,"AJ",0,0,0,6,0,0,0,0,0,1,0,0,0,5,0,0,0,0,0,0,0,0,0,1,1,1,0,1,1,"Very slow and not good opinion",Thu Apr 20 2023 17:59:11 GMT+0000 (Coordinated Universal Time)
"8952 - bad data!","33",Red,"MR",0,0,0,0,0,0,0,0,0,0,0,0,0,0,0,0,0,0,0,0,0,0,0,1,1,1,0,1,1,"",Thu Apr 20 2023 17:59:49 GMT+0000 (Coordinated Universal Time)
"4909","34",Red,"AJ",6,0,0,0,0,0,3,0,3,0,10,3,0,0,0,0,0,0,0,0,0,0,0,1,1,1,0.6,1,1,"",Thu Apr 20 2023 18:06:33 GMT+0000 (Coordinated Universal Time)
"5338","34",Blue,"LP",6,0,0,0,0,0,3,0,3,0,0,6,2,0,0,0,0,0,0,0,0,0,6,0.6,1,1,0,1,1,"",Thu Apr 20 2023 18:06:41 GMT+0000 (Coordinated Universal Time)
"9062","34",Blue,"JW",6,0,3,0,0,0,3,0,0,4,0,0,0,0,0,2,0,0,0,0,0,0,6,0.8,1,1,0.7,1,1,"",Thu Apr 20 2023 18:06:51 GMT+0000 (Coordinated Universal Time)
"1746","34",Red,"MR",0,0,0,0,0,6,3,12,4,2,20,0,0,5,0,2,0,0,0,0,0,0,2,1,0.9,1,0.8,1,1,"nice bot. relatively fast cone place. no floor cones. nice floor cubes",Thu Apr 20 2023 18:08:45 GMT+0000 (Coordinated Universal Time)
"195","35",Blue,"JW",6,0,0,0,0,0,3,0,5,3,0,9,4,10,3,0,0,0,0,0,0,0,10,0.9,0.5,1,0.9,1,1,"",Thu Apr 20 2023 19:07:25 GMT+0000 (Coordinated Universal Time)
"2642","35",Blue,"LP",6,0,0,0,0,0,0,12,4,1,10,3,2,0,3,0,0,0,0,0,0,0,10,1,1,1,0.6,1,1,"",Thu Apr 20 2023 19:07:26 GMT+0000 (Coordinated Universal Time)
"4944","35",Red,"AJ",6,0,0,0,0,0,3,12,2,3,10,0,0,5,6,0,0,0,0,0,0,0,0,1,1,1,0.8,1,1,"",Thu Apr 20 2023 19:07:26 GMT+0000 (Coordinated Universal Time)
"3184","35",Blue,"ATC4",6,0,0,6,0,0,3,0,6,1,5,6,6,0,3,0,0,0,0,0,0,0,10,1,0.8,1,0.7,1,1,"",Thu Apr 20 2023 19:07:54 GMT+0000 (Coordinated Universal Time)
"7072","36",Red,"AJ",0,0,0,0,0,0,3,0,0,3,0,0,0,0,6,6,0,0,0,0,0,0,10,1,1,1,0.7,1,1,"",Thu Apr 20 2023 19:16:58 GMT+0000 (Coordinated Universal Time)
"4419","39",Blue,"LP",6,0,0,0,4,0,0,12,4,2,10,6,0,0,0,4,0,0,0,0,0,0,0,1,0.8,1,0.5,1,1,"",Thu Apr 20 2023 19:17:07 GMT+0000 (Coordinated Universal Time)
"4905","36",Blue,"ATC4",0,0,0,6,0,0,3,12,4,1,10,6,0,0,0,2,0,0,0,0,0,0,10,1,0.7,1,0.5,0,1,"Not a good defense bot",Thu Apr 20 2023 19:17:14 GMT+0000 (Coordinated Universal Time)
"5274","35",Red,"WC",0,0,0,0,4,0,3,0,5,0,0,15,0,0,0,0,0,15,0,9,9,12,10,0.6,0.5,1,0.4,0,1,"",Thu Apr 20 2023 19:17:43 GMT+0000 (Coordinated Universal Time)
"1123","36",Blue,"JW",0,0,3,6,4,0,3,0,2,6,10,0,0,5,3,6,0,0,0,0,0,0,10,1,1,1,0.9,1,1,"",Thu Apr 20 2023 19:18:03 GMT+0000 (Coordinated Universal Time)
"5135","37",Red,"AJ",0,0,0,6,0,0,0,0,6,2,10,9,0,5,3,0,0,0,0,0,0,0,10,1,1,1,0.7,1,1,"",Thu Apr 20 2023 19:23:11 GMT+0000 (Coordinated Universal Time)
"5135","37",Red,"AJ",0,0,0,6,0,0,0,0,6,2,10,9,0,5,3,0,0,0,0,0,0,0,10,1,1,1,0.7,1,1,"",Thu Apr 20 2023 19:23:11 GMT+0000 (Coordinated Universal Time)
"1466","37",Blue,"LP",0,0,0,6,0,0,3,12,5,0,0,9,4,0,0,0,0,0,0,0,0,0,10,0.8,1,1,0.6,1,1,"",Thu Apr 20 2023 19:23:11 GMT+0000 (Coordinated Universal Time)
"503","37",Blue,"JW",0,0,0,6,4,0,3,0,4,2,10,3,2,0,3,2,0,0,0,0,0,0,10,0.8,1,1,0.9,1,1,"",Thu Apr 20 2023 19:23:20 GMT+0000 (Coordinated Universal Time)
"4329","37",Red,"WC",0,0,0,6,0,0,3,0,3,0,0,9,2,0,3,0,15,18,6,9,9,0,10,0.4,0.6,0.8,0.5,1,1,"",Thu Apr 20 2023 19:24:12 GMT+0000 (Coordinated Universal Time)
"955","37",Blue,"ATC4",6,0,0,0,0,0,3,0,5,2,15,6,0,5,3,2,0,0,0,0,0,0,2,0.7,0.5,1,0.2,1,1,"",Thu Apr 20 2023 19:24:34 GMT+0000 (Coordinated Universal Time)
"6817","38",Blue,"ATC4",0,0,0,6,0,0,0,0,0,1,0,0,0,0,3,0,0,0,0,0,0,0,0,0.2,0.3,1,0,0,1,"",Thu Apr 20 2023 19:31:07 GMT+0000 (Coordinated Universal Time)
"9030","38",Red,"AJ",0,0,0,6,0,0,0,0,0,2,0,0,0,0,3,2,0,0,0,0,0,0,10,1,1,1,0.3,1,1,"",Thu Apr 20 2023 19:31:23 GMT+0000 (Coordinated Universal Time)
"9030","38",Red,"AJ",0,0,0,6,0,0,0,0,0,2,0,0,0,0,3,2,0,0,0,0,0,0,10,1,1,1,0.3,1,1,"",Thu Apr 20 2023 19:31:23 GMT+0000 (Coordinated Universal Time)
"6606","38",Red,"WC",0,0,0,0,0,0,0,0,0,0,0,0,0,0,3,0,0,0,0,0,0,0,0,0,0.3,1,0,1,0,"Very pink",Thu Apr 20 2023 19:31:51 GMT+0000 (Coordinated Universal Time)
"1629","38",Blue,"JW",0,0,0,6,0,0,3,0,4,0,20,0,0,0,0,0,0,0,0,0,0,0,0,1,0.8,1,0.7,1,1,"",Thu Apr 20 2023 19:31:51 GMT+0000 (Coordinated Universal Time)
"3003","38",Red,"MR",6,0,0,0,0,0,3,12,3,2,15,3,0,5,3,0,0,0,0,0,0,0,10,0.9,1,1,0.5,1,1,"somewhat fast. not rigid. slow arm movement.",Thu Apr 20 2023 19:32:41 GMT+0000 (Coordinated Universal Time)
"3003","38",Red,"MR",6,0,0,0,0,0,3,12,3,2,15,3,0,5,3,0,0,0,0,0,0,0,10,0.9,1,1,0.5,1,1,"somewhat fast. not rigid. slow arm movement.",Thu Apr 20 2023 19:32:58 GMT+0000 (Coordinated Universal Time)
"9084","38",Blue,"LP",6,0,0,0,0,0,3,12,0,8,0,0,0,5,0,14,0,0,0,0,0,0,0,0.7,1,1,0.8,1,1,"",Thu Apr 20 2023 19:33:06 GMT+0000 (Coordinated Universal Time)
"9023","37",Red,"AJ",0,4,0,0,0,0,3,0,1,0,0,0,0,0,0,0,0,0,0,0,0,0,0,1,1,1,0,1,1,"Looks good but very complicated arm and gets caught on stuff",Thu Apr 20 2023 19:37:11 GMT+0000 (Coordinated Universal Time)
"1757","39",Blue,"JW",6,0,0,6,0,0,3,0,4,2,10,6,0,5,3,0,0,0,0,0,0,0,10,1,1,1,0.6,1,1,"Pretty average, good shooting",Thu Apr 20 2023 19:38:36 GMT+0000 (Coordinated Universal Time)
"4143","39",Blue,"LP",0,0,0,0,0,0,3,0,4,4,5,9,0,5,6,2,0,0,0,0,0,0,10,0.6,0.6,1,0.5,1,1,"",Thu Apr 20 2023 19:38:37 GMT+0000 (Coordinated Universal Time)
"900","39",Blue,"",6,0,0,0,0,0,0,12,2,2,5,0,2,0,0,4,0,0,0,0,0,0,10,0.7,1,1,0.5,1,1,"Not consistant but played decent defense",Thu Apr 20 2023 19:38:39 GMT+0000 (Coordinated Universal Time)
"1156","39",Red,"WC",0,0,3,0,0,0,0,12,1,3,0,6,0,10,3,0,15,12,9,9,3,3,10,1,1,1,0.8,1,1,"",Thu Apr 20 2023 19:39:37 GMT+0000 (Coordinated Universal Time)
"177","39",Red,"MR",0,0,3,6,0,3,3,0,6,1,25,0,2,0,0,0,0,0,0,0,0,0,10,1,1,1,0.6,1,1,"normal. not much outside the norm. pretty good!",Thu Apr 20 2023 19:40:19 GMT+0000 (Coordinated Universal Time)
"1836","40",Blue,"ATC4 ",0,0,0,0,0,3,3,12,0,3,0,0,0,0,0,8,0,0,0,0,0,0,10,0.4,1,0.7,0.6,1,1,"Cube low only",Thu Apr 20 2023 19:45:38 GMT+0000 (Coordinated Universal Time)
"3218","40",Blue,"JW",6,0,0,6,0,0,3,0,4,2,20,0,0,0,0,4,0,0,0,0,0,0,10,1,1,1,0.7,1,1,"Takes forever to collect ",Thu Apr 20 2023 19:45:46 GMT+0000 (Coordinated Universal Time)
"7285","40",Blue,"LP",0,4,0,0,4,0,3,0,4,2,5,6,2,0,3,4,0,0,0,0,0,0,10,1,1,1,0.8,1,1,"",Thu Apr 20 2023 19:45:50 GMT+0000 (Coordinated Universal Time)
"1023","39",Red,"AJ",0,4,0,0,0,0,3,0,3,3,5,6,0,5,6,0,0,0,0,0,0,0,10,1,1,0.2,0,1,1,"",Thu Apr 20 2023 19:45:53 GMT+0000 (Coordinated Universal Time)
"9126","40",Red,"WC",0,0,0,6,0,0,3,0,0,1,0,0,0,5,0,4,3,15,6,9,9,6,0,0.2,0,1,0.5,1,0,"Tipped over",Thu Apr 20 2023 19:46:06 GMT+0000 (Coordinated Universal Time)
"5665","40",Red,"MR",0,0,0,6,0,0,0,12,0,1,5,3,2,0,0,0,0,0,0,0,0,0,6,0.8,0.5,1,0.2,1,1,"fairly slow. fails to place cone top",Thu Apr 20 2023 19:47:38 GMT+0000 (Coordinated Universal Time)
"5804","41",Red,"LL",6,0,3,0,0,0,3,0,1,1,5,0,0,0,0,0,0,0,0,0,0,0,0,1,0,1,0,1,1,"Tipped over",Thu Apr 20 2023 19:51:04 GMT+0000 (Coordinated Universal Time)
"8847","41",Blue,"Lg",0,0,0,0,4,0,3,0,0,4,0,0,0,5,0,6,0,0,0,0,0,0,10,1,1,1,0.4,1,1,"Ok Ig ",Thu Apr 20 2023 19:52:54 GMT+0000 (Coordinated Universal Time)
"7617","41",Blue,"KP",0,0,0,6,0,0,3,12,3,1,10,6,0,5,0,0,0,0,0,0,0,0,10,0.9,0.8,1,0.6,0,1,"",Thu Apr 20 2023 19:52:59 GMT+0000 (Coordinated Universal Time)
"4522","41",Red,"AK",6,0,0,6,4,0,0,0,4,0,15,6,0,0,0,0,0,0,0,0,0,0,10,0.8,1,1,0.8,1,1,"",Thu Apr 20 2023 19:53:09 GMT+0000 (Coordinated Universal Time)
"4522","41",Red,"AK",6,0,0,6,4,0,0,0,5,0,15,6,0,0,0,0,0,0,0,0,0,0,10,0.8,1,1,0.8,1,1,"",Thu Apr 20 2023 19:53:19 GMT+0000 (Coordinated Universal Time)
"8592","41",Red,"KL",6,0,0,0,0,3,3,12,0,0,0,0,2,0,0,12,0,0,0,0,0,0,10,1,1,1,0.6,1,1,"Auto places high then balances and shoots a cube low out of their intake",Thu Apr 20 2023 19:53:29 GMT+0000 (Coordinated Universal Time)
"857","41",Red,"Hh",6,0,0,0,0,0,3,0,4,2,15,0,0,10,0,0,0,0,0,0,0,0,10,1,1,1,0.5,1,1,"Dropped a cone ",Thu Apr 20 2023 19:54:29 GMT+0000 (Coordinated Universal Time)
"3767","42",Red,"KL",0,0,0,6,0,0,3,12,0,0,10,6,2,0,0,0,0,0,0,0,0,0,10,0.7,1,1,0.5,1,1,"",Thu Apr 20 2023 19:59:55 GMT+0000 (Coordinated Universal Time)
"9140","41",Blue,"AK",0,0,0,6,0,0,3,12,3,0,15,0,0,0,0,0,0,0,0,0,0,0,10,0.8,1,1,0.5,1,1,"",Thu Apr 20 2023 20:00:01 GMT+0000 (Coordinated Universal Time)
"3538","42",Red,"LL",6,0,0,6,0,0,3,0,4,1,10,0,6,5,0,0,0,0,0,0,0,0,0,1,1,1,0.8,1,1,"Inconsistent shooting (arm malfunction?)",Thu Apr 20 2023 20:00:04 GMT+0000 (Coordinated Universal Time)
"9062","42",Blue,"KP",0,0,3,0,0,0,3,0,0,5,0,0,0,0,0,2,0,0,0,0,0,0,2,0.7,1,1,0.5,1,1," Side intake and shooting is pretty shit",Thu Apr 20 2023 20:00:31 GMT+0000 (Coordinated Universal Time)
"8808","42",Blue,"Lg",0,0,0,0,0,0,3,0,0,4,0,0,0,5,6,2,0,0,0,0,0,0,10,1,1,1,0.3,0,1,"",Thu Apr 20 2023 20:01:32 GMT+0000 (Coordinated Universal Time)
"6909","42",Red,"HH ",0,0,0,0,0,0,3,0,0,3,0,0,0,5,3,2,0,0,0,0,0,0,10,0.6,0.4,1,0.1,1,1,"",Thu Apr 20 2023 20:02:04 GMT+0000 (Coordinated Universal Time)
"5338","43",Red,"LL",6,0,0,0,0,0,3,0,4,0,10,6,0,0,0,0,0,0,0,0,0,0,0,1,1,1,0.8,1,1,"Average",Thu Apr 20 2023 20:07:59 GMT+0000 (Coordinated Universal Time)
"8016","43",Blue,"KP",0,0,0,0,0,0,3,0,2,1,0,3,2,5,3,0,0,0,0,0,0,0,10,0.9,1,1,0.4,0,1,"Pretty shit",Thu Apr 20 2023 20:08:16 GMT+0000 (Coordinated Universal Time)
"1468","43",Red,"Hh",6,0,0,0,0,3,0,0,4,3,10,3,2,5,3,0,0,0,0,0,0,0,6,1,1,1,0.7,1,1,"Fast, good driving ",Thu Apr 20 2023 20:08:19 GMT+0000 (Coordinated Universal Time)
"2992","43",Blue,"AK",6,0,0,0,0,0,3,12,2,2,5,0,4,5,3,0,0,0,0,0,0,0,10,0.5,0.8,1,0.6,1,1,"",Thu Apr 20 2023 20:08:29 GMT+0000 (Coordinated Universal Time)
"5553","43",Red,"KL",6,0,0,0,0,0,3,0,3,2,5,3,0,0,3,2,0,0,0,0,0,0,6,1,0.2,1,0.3,1,1,"Wonky ahh intake",Thu Apr 20 2023 20:08:43 GMT+0000 (Coordinated Universal Time)
"179","43",Blue,"Lg",6,0,0,0,0,0,3,0,8,3,15,12,2,10,0,2,0,0,0,0,0,0,0,1,1,1,0.9,1,1,"üî•üî•üî•üî•",Thu Apr 20 2023 20:08:57 GMT+0000 (Coordinated Universal Time)
"4944","44",Red,"LL",6,0,0,0,0,0,3,12,3,3,15,0,0,5,0,4,0,0,0,0,0,0,10,1,0.8,1,0.5,1,1,"Average",Thu Apr 20 2023 20:17:51 GMT+0000 (Coordinated Universal Time)
"8016","44",Red,"Hh",0,0,0,0,0,0,3,0,2,1,0,3,4,0,0,2,0,0,0,0,0,0,10,1,0.3,1,0.4,1,1,"",Thu Apr 20 2023 20:17:55 GMT+0000 (Coordinated Universal Time)
"4419","44",Blue,"Lg",6,0,0,0,0,0,0,0,3,1,10,3,0,0,3,0,0,0,0,0,0,0,0,1,1,1,0.6,1,1,"Failed three climb",Thu Apr 20 2023 20:17:58 GMT+0000 (Coordinated Universal Time)
"7428","44",Blue,"KP",0,0,0,0,0,0,3,0,2,2,5,3,0,0,6,0,0,0,0,0,0,0,6,0.8,0.6,1,0.6,1,1,"",Thu Apr 20 2023 20:18:08 GMT+0000 (Coordinated Universal Time)
"1746","",Red,"",0,0,0,6,0,3,0,0,7,0,20,6,2,0,0,0,0,0,0,0,0,0,10,1,1,1,0.9,1,1,"üòçüòç",Thu Apr 20 2023 20:18:38 GMT+0000 (Coordinated Universal Time)
"4909","44",Blue,"AK",0,0,0,6,0,0,3,12,3,1,20,0,0,5,0,0,0,0,0,0,0,0,6,0.7,1,1,0.7,1,1,"",Thu Apr 20 2023 20:18:58 GMT+0000 (Coordinated Universal Time)
"1501","45",Blue,"Lg",6,0,0,0,0,3,3,0,3,1,5,3,2,5,0,0,0,0,0,0,0,0,10,1,1,1,0.5,1,1,"",Thu Apr 20 2023 20:24:49 GMT+0000 (Coordinated Universal Time)
"3161","45",Red,"KL",0,4,0,0,4,0,3,0,5,1,0,15,0,0,0,2,0,0,0,0,0,0,6,1,1,1,0.8,1,1,"",Thu Apr 20 2023 20:24:54 GMT+0000 (Coordinated Universal Time)
"8717","45",Red,"LL",0,0,0,6,0,0,0,0,0,4,0,0,0,0,0,4,0,0,0,0,0,0,6,1,0.2,1,0.4,1,1,"Bad",Thu Apr 20 2023 20:25:01 GMT+0000 (Coordinated Universal Time)
"503","45",Red,"Hh",0,0,0,0,4,0,3,0,3,2,0,0,4,5,0,2,0,0,0,0,0,0,2,1,1,1,0.8,1,1,"Fast but unreliable cone place",Thu Apr 20 2023 20:25:20 GMT+0000 (Coordinated Universal Time)
"1538","45",Blue,"KP",6,0,0,0,0,3,3,0,7,3,15,9,2,5,6,0,0,0,0,0,0,0,2,1,1,1,1,1,1,"Holy shit‚Ä¶",Thu Apr 20 2023 20:26:05 GMT+0000 (Coordinated Universal Time)
"9030","46",Red,"LL",0,0,0,0,0,0,3,0,0,5,0,0,0,10,6,0,0,0,0,0,0,0,10,1,0.5,1,0.4,1,1,"Very slow and unreliable ",Thu Apr 20 2023 20:33:10 GMT+0000 (Coordinated Universal Time)
"5274","46",Blue,"KP",0,0,0,0,4,0,3,0,4,0,0,12,0,0,0,0,0,0,0,0,0,0,10,0.9,1,1,0.4,0,1,"Bad",Thu Apr 20 2023 20:33:15 GMT+0000 (Coordinated Universal Time)
"1466","46",Blue,"AK",0,0,0,6,0,0,3,12,1,1,0,6,0,0,3,0,0,0,0,0,0,0,10,0.8,0.4,1,0.7,1,1,"",Thu Apr 20 2023 20:33:18 GMT+0000 (Coordinated Universal Time)
"6431","46",Blue,"Lg",0,0,0,6,0,0,3,0,1,1,0,3,0,0,3,0,0,0,0,0,0,0,0,1,1,1,0,1,1,"Failed triple climb. Good driver. Unzipped teammate",Thu Apr 20 2023 20:33:31 GMT+0000 (Coordinated Universal Time)
"3184","46",Red,"KL",0,0,0,6,4,0,3,12,7,0,25,6,0,0,0,0,0,0,0,0,0,0,10,0.3,1,1,0,1,1,"Tipped a teammate and crashed into the other multiple times",Thu Apr 20 2023 20:34:09 GMT+0000 (Coordinated Universal Time)
"3478","46",Red,"Hh",6,0,0,0,0,0,0,0,0,0,5,0,0,0,0,0,0,0,0,0,0,0,0,1,0.4,1,0.4,1,1,"Robot war hit and fell over",Thu Apr 20 2023 20:34:25 GMT+0000 (Coordinated Universal Time)
"11","47",Blue,"KP",6,0,0,6,0,0,3,0,3,2,15,0,0,0,0,2,0,0,0,0,0,0,10,1,1,1,0.7,1,1,"",Thu Apr 20 2023 20:39:45 GMT+0000 (Coordinated Universal Time)
"6817","47",Red,"LL",0,0,0,0,0,0,0,0,0,0,0,0,0,0,0,2,0,0,0,0,0,0,10,1,1,1,0,1,1,"Just played defense (and not very well)",Thu Apr 20 2023 20:39:46 GMT+0000 (Coordinated Universal Time)
"2642","47",Blue,"Lg",0,0,0,6,0,0,0,12,6,1,10,6,2,0,0,0,0,0,0,0,0,0,10,1,1,1,0.5,1,1,"",Thu Apr 20 2023 20:39:46 GMT+0000 (Coordinated Universal Time)
"4099","47",Red,"KL",6,0,0,6,0,0,0,0,2,0,5,0,0,0,0,0,0,0,0,0,0,0,0,1,1,1,0,1,0,"Intake broke",Thu Apr 20 2023 20:39:50 GMT+0000 (Coordinated Universal Time)
"4663","47",Blue,"AK",0,0,0,6,0,0,3,0,1,1,5,3,0,5,0,0,0,0,0,0,0,0,10,0.8,0.4,1,0.7,1,1,"Arm very slow",Thu Apr 20 2023 20:40:21 GMT+0000 (Coordinated Universal Time)
"1123","47",Red,"Hh",6,0,0,0,0,0,3,0,3,2,10,3,0,5,3,2,0,0,0,0,0,0,10,1,1,1,0.5,1,1,"Jumped the charge station ",Thu Apr 20 2023 20:41:07 GMT+0000 (Coordinated Universal Time)
"3003","Qual 49",Red,"AS",6,0,0,0,0,0,3,12,0,1,0,0,0,0,0,0,0,0,0,0,0,0,10,0.9,0.9,1,0.3,1,1,"Didn‚Äôt exactly die, but some smoke came out of their intake and they didn‚Äôt use it.",Thu Apr 20 2023 20:55:01 GMT+0000 (Coordinated Universal Time)
"3003","Qual 49",Red,"AS",6,0,0,0,0,0,3,12,0,1,0,0,0,0,0,0,0,0,0,0,0,0,0,0.9,0.9,1,0.3,1,1,"Didn‚Äôt exactly die, but some smoke came out of their intake and they didn‚Äôt use it.",Thu Apr 20 2023 20:55:01 GMT+0000 (Coordinated Universal Time)
"5990","49",Red,"AJ",6,0,0,0,0,0,3,0,4,1,15,0,2,5,0,0,0,0,0,0,0,0,2,1,0.8,1,0.7,1,1,"",Thu Apr 20 2023 20:55:01 GMT+0000 (Coordinated Universal Time)
"3003","Qual 49",Red,"AS",6,0,0,0,0,0,3,12,0,1,0,0,0,0,0,0,0,0,0,0,0,0,10,0.9,0.9,1,0.3,1,1,"Didn‚Äôt exactly die, but some smoke came out of their intake and they didn‚Äôt use it.",Thu Apr 20 2023 20:55:01 GMT+0000 (Coordinated Universal Time)
"494","49",Blue,"ATC4",6,0,0,0,0,3,3,0,4,2,5,3,4,5,3,0,0,0,0,0,0,0,10,1,0.7,1,0.7,1,1,"",Thu Apr 20 2023 20:55:09 GMT+0000 (Coordinated Universal Time)
"9023","49",Red,"JJR",0,4,0,0,0,0,3,0,3,2,0,9,0,0,6,0,0,0,0,0,0,0,10,0.7,0.6,1,0.5,1,1,"Bad intake",Thu Apr 20 2023 20:55:23 GMT+0000 (Coordinated Universal Time)
"9023","49",Red,"JJR",0,4,0,0,0,0,3,0,3,2,0,9,0,0,6,0,0,0,0,0,0,0,10,0.7,0.6,1,0.5,1,1,"Bad intake",Thu Apr 20 2023 20:55:25 GMT+0000 (Coordinated Universal Time)
"4329","49",Blue,"MR",0,0,0,6,0,0,3,12,5,1,0,15,0,0,3,0,0,0,0,0,0,0,2,1,1,1,0.6,1,1,"got most of the mid row done. nice!",Thu Apr 20 2023 20:55:58 GMT+0000 (Coordinated Universal Time)
"4905","Qual 50",Red,"AS",0,0,0,6,0,0,3,0,4,1,5,6,2,5,0,0,0,0,0,0,0,0,10,1,1,1,0.4,0,1,"",Thu Apr 20 2023 21:01:18 GMT+0000 (Coordinated Universal Time)
"4145","50",Blue,"ATC4",0,0,0,0,0,0,0,0,4,2,10,6,2,0,3,2,0,0,0,0,0,0,10,0.7,0.9,1,0.7,1,1,"",Thu Apr 20 2023 21:01:25 GMT+0000 (Coordinated Universal Time)
"4905","50",Red,"AJ",0,0,0,6,0,0,3,0,3,1,5,0,2,5,0,0,0,0,0,0,0,0,10,1,1,1,0.9,1,1,"",Thu Apr 20 2023 21:01:43 GMT+0000 (Coordinated Universal Time)
"4069","50",Red,"JJR",0,0,0,0,4,0,3,0,3,2,10,3,0,0,6,0,0,0,0,0,0,0,10,0.8,1,1,0,1,1,"An everybot on it's team just sat In the substation and kinda screwed them",Thu Apr 20 2023 21:02:08 GMT+0000 (Coordinated Universal Time)
"4069","50",Red,"JJR",0,0,0,0,4,0,3,0,3,2,10,3,0,0,6,0,0,0,0,0,0,0,10,0.8,1,1,0.2,1,1,"An everybot on it's team just sat In the substation and kinda screwed them",Thu Apr 20 2023 21:02:17 GMT+0000 (Coordinated Universal Time)
"5172","50",Blue,"MR",0,0,0,0,0,3,0,12,1,2,5,3,2,0,0,2,0,0,0,0,0,0,10,0.9,1,1,0.5,1,1,"fairly quick drive. slow place i.e. alignment time",Thu Apr 20 2023 21:02:26 GMT+0000 (Coordinated Universal Time)
"5172","50",Blue,"MR",0,0,0,0,0,3,0,12,1,2,5,3,2,0,0,2,0,0,0,0,0,0,10,0.9,1,1,0.5,1,1,"fairly quick drive. slow place i.e. alignment time",Thu Apr 20 2023 21:02:37 GMT+0000 (Coordinated Universal Time)
"195","Qual 51",Red,"AS",0,0,0,0,4,0,3,0,7,2,15,6,4,10,0,0,0,0,0,0,0,0,0,1,0.9,1,0,1,1,"",Thu Apr 20 2023 21:08:04 GMT+0000 (Coordinated Universal Time)
"3940","51",Blue,"ATC4",0,0,0,6,0,0,3,12,3,3,10,0,2,5,0,4,0,0,0,0,0,0,10,0.9,1,1,0.6,1,1,"",Thu Apr 20 2023 21:08:04 GMT+0000 (Coordinated Universal Time)
"9084","51",Red,"JJR",6,0,0,0,0,3,3,12,0,2,0,0,0,0,0,4,0,0,0,0,0,0,6,1,1,0.9,0.9,1,1,"Killed by crash",Thu Apr 20 2023 21:08:33 GMT+0000 (Coordinated Universal Time)
"3572","51",Blue,"WC",0,0,0,0,4,0,0,0,3,0,10,0,2,0,0,0,18,0,0,9,0,0,10,1,0.6,1,0,1,1,"",Thu Apr 20 2023 21:09:28 GMT+0000 (Coordinated Universal Time)
"3572","51",Blue,"WC",0,0,0,0,4,0,0,0,3,0,10,0,2,0,0,0,18,0,0,9,0,0,10,1,0.6,1,0.6,1,1,"",Thu Apr 20 2023 21:09:35 GMT+0000 (Coordinated Universal Time)
"177","51",Blue,"MR",0,0,3,0,0,0,3,0,1,0,20,3,0,0,3,4,0,0,0,0,0,0,10,1,1,1,0.9,1,1,"extremely quick and consistent. competent! i got distracted by 9084",Thu Apr 20 2023 21:09:57 GMT+0000 (Coordinated Universal Time)
"5665","Qual 52",Red,"AS",0,0,0,6,0,0,0,12,4,1,5,6,0,0,0,0,0,0,0,3,0,0,10,1,0.9,1,0.4,1,1,"",Thu Apr 20 2023 21:15:10 GMT+0000 (Coordinated Universal Time)
"5665","52",Red,"AJ",0,0,0,6,0,0,3,12,3,1,10,3,0,5,0,0,0,0,0,0,0,0,10,1,0.4,1,0.6,1,1,"",Thu Apr 20 2023 21:15:35 GMT+0000 (Coordinated Universal Time)
"4522","52",Blue,"MR",6,0,0,6,4,0,3,0,0,0,25,9,2,0,0,0,0,0,0,0,0,0,10,1,1,1,0.9,1,1,"fast and consistent for teleop cones. not defended. easy alignment. quick mechs.",Thu Apr 20 2023 21:15:54 GMT+0000 (Coordinated Universal Time)
"7428","52",Blue,"ATC4",0,0,0,6,0,0,0,0,4,1,0,6,0,5,0,0,0,0,0,0,0,0,2,0.6,0.4,1,0.3,1,1,"Turret but not very stable",Thu Apr 20 2023 21:15:57 GMT+0000 (Coordinated Universal Time)
"3538","52",Red,"JJR",6,0,0,6,0,0,3,0,6,2,10,9,2,0,3,2,0,0,0,0,0,0,10,1,0.8,1,0.6,1,1,"Took a beating ",Thu Apr 20 2023 21:15:59 GMT+0000 (Coordinated Universal Time)
"7072","52",Red,"WC",0,0,0,0,4,0,3,12,0,0,0,0,0,0,0,0,0,0,0,0,0,0,0,0.4,1,0.2,0.6,1,1,"",Thu Apr 20 2023 21:16:49 GMT+0000 (Coordinated Universal Time)
"179","Qual 53",Red,"AS",0,0,3,0,0,0,3,0,5,1,20,3,2,5,0,0,0,0,0,0,0,0,0,1,1,1,0.6,1,1,"",Thu Apr 20 2023 21:22:29 GMT+0000 (Coordinated Universal Time)
"8592","53",Blue,"ATC4",6,0,0,6,0,0,3,0,3,4,5,9,0,0,3,4,0,0,0,0,0,0,2,0.7,1,1,0.9,1,1,"",Thu Apr 20 2023 21:22:40 GMT+0000 (Coordinated Universal Time)
"1023","53",Red,"AJ",0,0,0,6,0,0,3,12,4,0,5,9,0,0,0,0,0,0,0,0,0,0,6,1,1,1,0.7,1,1,"",Thu Apr 20 2023 21:22:43 GMT+0000 (Coordinated Universal Time)
"4944","53",Blue,"WC",6,0,0,0,0,0,0,12,2,4,5,3,0,0,3,4,18,18,9,9,9,15,10,0.2,0.5,0.3,0.6,1,1,"",Thu Apr 20 2023 21:24:16 GMT+0000 (Coordinated Universal Time)
"8808","53",Red,"JJR",0,0,0,6,0,0,3,0,1,3,0,0,2,5,6,0,0,0,0,0,0,0,0,0.6,0.6,1,0.2,0,1,"Omniwheel tank that got obliterated by a bunch of other bots like rivets flying aluminum breaking level stuff ",Thu Apr 20 2023 21:24:17 GMT+0000 (Coordinated Universal Time)
"4143","53",Blue,"MR",6,0,0,0,0,0,3,0,0,1,10,6,2,5,3,0,0,0,0,0,0,0,10,0.9,0.7,1,0.6,1,1,"like pretty fast. gets the job done. when extended: the bot wobbled and could have fallen. drivers prevented it",Thu Apr 20 2023 21:24:56 GMT+0000 (Coordinated Universal Time)
"1757","Qual 54",Red,"AS",6,0,0,0,0,0,3,12,3,1,15,0,0,5,0,0,0,0,0,0,0,0,0,0.8,0.8,1,0.4,1,0,"",Thu Apr 20 2023 21:28:54 GMT+0000 (Coordinated Universal Time)
"503","54",Red,"JJR",0,0,0,6,4,0,3,0,4,2,10,3,2,5,0,2,0,0,0,0,0,0,10,1,1,1,0.7,1,1,"Good autos",Thu Apr 20 2023 21:29:38 GMT+0000 (Coordinated Universal Time)
"9126","54",Blue,"WC",0,0,0,0,0,0,0,0,0,3,0,0,0,15,3,0,0,0,0,0,0,0,10,0.6,0.7,1,0.6,1,1,"",Thu Apr 20 2023 21:30:02 GMT+0000 (Coordinated Universal Time)
"8847","54",Blue,"MR",0,0,0,0,0,3,0,12,0,0,0,0,0,0,0,10,0,0,0,0,0,0,10,1,1,1,0.3,0,1,"only could place low cubes. 9084 is faster at low cubes. no swerve.",Thu Apr 20 2023 21:30:07 GMT+0000 (Coordinated Universal Time)
"5338","54",Blue,"ATC4",6,0,0,0,0,0,0,0,5,0,25,0,0,0,0,0,0,0,0,0,0,0,10,0.9,0.4,1,0.8,1,1,"",Thu Apr 20 2023 21:30:38 GMT+0000 (Coordinated Universal Time)
"6431","54",Red,"AJ",0,0,0,0,0,0,3,0,0,0,0,0,0,0,0,0,0,0,0,0,0,0,0,0.2,1,1,0.5,1,1,"Stuck driving issues",Thu Apr 20 2023 21:30:42 GMT+0000 (Coordinated Universal Time)
"8717","Qual 55",Red,"AS",0,4,0,0,0,0,3,0,1,2,0,0,0,0,3,2,0,0,0,0,0,0,10,1,0.9,1,0.3,0,1,"",Thu Apr 20 2023 21:36:57 GMT+0000 (Coordinated Universal Time)
"5553","55",Blue,"ATC4",0,0,0,0,0,0,0,0,2,2,10,0,0,5,0,2,0,0,0,0,0,0,6,0.4,0.5,0.7,0.7,0,1,"",Thu Apr 20 2023 21:37:05 GMT+0000 (Coordinated Universal Time)
"4663","55",Blue,"MR",0,0,0,0,0,3,3,0,0,0,0,0,0,0,0,0,0,0,0,0,0,0,0,1,1,1,0,1,0,"ended up being disabled for a large portion of the match",Thu Apr 20 2023 21:37:22 GMT+0000 (Coordinated Universal Time)
"1836","55",Red,"JJR",0,0,0,0,0,3,3,12,0,5,0,0,0,0,0,12,0,0,0,0,0,0,10,0.7,1,1,0.7,1,1,"Eh",Thu Apr 20 2023 21:37:36 GMT+0000 (Coordinated Universal Time)
"9030","55",Blue,"WC",0,0,0,0,0,0,3,0,1,1,0,0,0,0,0,0,0,0,0,0,0,0,6,1,1,1,0,1,1,"",Thu Apr 20 2023 21:38:57 GMT+0000 (Coordinated Universal Time)
"4909","56",Blue,"ATC4",6,0,0,0,0,0,3,0,4,2,5,9,0,5,3,2,0,0,0,0,0,0,10,0.8,0.6,1,0.6,1,1,"Eject system and inconsistant intake",Thu Apr 20 2023 21:44:58 GMT+0000 (Coordinated Universal Time)
"1123","Qual 56",Red,"AS",0,0,3,0,4,3,3,0,4,2,15,3,0,10,0,0,0,0,0,0,0,0,10,1,1,1,0.6,1,1,"",Thu Apr 20 2023 21:45:07 GMT+0000 (Coordinated Universal Time)
"7617","56",Blue,"MR",0,4,0,0,4,0,0,0,0,0,10,6,0,5,0,0,0,0,0,0,0,0,10,1,1,1,0.5,1,1,"fairly quick. seems average.",Thu Apr 20 2023 21:45:45 GMT+0000 (Coordinated Universal Time)
"3932","56",Blue,"WC",0,0,0,0,0,3,3,12,2,1,10,0,0,0,0,2,0,0,0,0,0,0,10,0.5,0.5,0.9,0.5,1,1,"Pretty average",Thu Apr 20 2023 21:45:54 GMT+0000 (Coordinated Universal Time)
"3218","56",Red,"JJR",0,0,0,0,0,0,3,12,5,2,15,6,0,5,0,2,0,0,0,0,0,0,10,0.9,0.7,1,0.4,1,1,"",Thu Apr 20 2023 21:46:35 GMT+0000 (Coordinated Universal Time)
"2642","57",Red,"LP",0,0,3,0,0,0,3,12,5,0,15,3,2,0,0,0,0,0,0,0,0,0,10,1,0.8,1,0.4,1,1,"",Thu Apr 20 2023 21:51:46 GMT+0000 (Coordinated Universal Time)
"2642","57",Red,"JJR",0,0,3,0,0,0,3,12,6,0,20,3,2,0,0,0,0,0,0,0,0,0,10,1,1,1,0.3,1,1,"",Thu Apr 20 2023 21:51:58 GMT+0000 (Coordinated Universal Time)
"9023","57",Blue,"LL",0,4,0,0,0,0,3,0,1,3,0,3,0,0,3,4,0,0,0,0,0,0,6,1,1,1,0.5,1,1,"Below average",Thu Apr 20 2023 21:52:15 GMT+0000 (Coordinated Universal Time)
"9140","57",Blue,"KL",0,0,0,6,0,0,3,12,4,0,20,0,0,0,0,0,0,0,0,0,0,0,2,0.7,0.7,1,0.9,1,1,"Takes long to place/no auto align",Thu Apr 20 2023 21:52:43 GMT+0000 (Coordinated Universal Time)
"5804","57",Red,"MR",6,0,3,0,0,0,0,0,0,0,5,3,0,10,0,6,0,0,0,0,0,0,0,1,1,1,0.7,1,1,"it seemed quick most of the time. vasilated during a cone collect. cone can get dislodged after big bump.",Thu Apr 20 2023 21:52:45 GMT+0000 (Coordinated Universal Time)
"6817","Qual 58",Red,"AS",0,0,0,6,0,0,3,0,0,1,0,0,0,0,0,0,0,0,0,0,0,0,10,1,1,1,0,1,1,"Lost their intake",Thu Apr 20 2023 22:00:00 GMT+0000 (Coordinated Universal Time)
"5274","58",Red,"LP",0,0,0,0,0,3,0,0,4,1,0,12,0,0,3,0,0,0,0,0,0,0,6,0.8,0.4,1,0.3,0,1,"",Thu Apr 20 2023 22:00:27 GMT+0000 (Coordinated Universal Time)
"1468","58",Blue,"LL",0,0,0,6,0,0,3,0,6,1,5,9,4,0,3,0,0,0,0,0,0,0,10,1,1,1,0.6,1,1,"Average",Thu Apr 20 2023 22:01:04 GMT+0000 (Coordinated Universal Time)
"1501","58",Red,"Hh",6,0,0,0,0,0,3,0,5,0,10,6,2,0,0,0,0,0,0,0,0,0,6,1,0.8,1,0.5,1,1,"Reliable cone place",Thu Apr 20 2023 22:01:23 GMT+0000 (Coordinated Universal Time)
"4145","59",Red,"LP",0,0,3,0,0,0,3,0,0,0,0,0,0,0,0,0,0,0,0,0,0,0,10,1,1,1,0.4,1,1,"Intake broke after collision",Thu Apr 20 2023 22:07:16 GMT+0000 (Coordinated Universal Time)
"3940","59",Blue,"KL",0,0,0,6,0,0,0,12,2,1,10,0,0,0,0,2,0,0,0,0,0,0,10,1,1,1,0.7,1,1,"",Thu Apr 20 2023 22:07:31 GMT+0000 (Coordinated Universal Time)
"494","59",Blue,"LL",6,0,0,6,0,0,0,0,5,1,15,6,0,5,0,0,0,0,0,0,0,0,10,1,1,1,0.8,1,1,"Very good overall",Thu Apr 20 2023 22:07:34 GMT+0000 (Coordinated Universal Time)
"3184","59",Blue,"Lg",0,0,0,6,0,0,3,0,6,0,10,12,0,0,0,0,0,0,0,0,0,0,2,1,0.4,1,0.5,1,1,"",Thu Apr 20 2023 22:07:44 GMT+0000 (Coordinated Universal Time)
"177","59",Red,"Hh",0,0,3,6,0,0,3,0,6,3,20,6,0,0,3,0,0,0,0,0,0,0,10,1,1,1,0.8,1,1,"Good, consistent ",Thu Apr 20 2023 22:07:44 GMT+0000 (Coordinated Universal Time)
"4419","59",Red,"JW",6,0,0,0,0,0,3,0,4,3,10,3,0,5,3,0,0,0,0,0,0,0,10,1,1,1,0.8,1,1,"",Thu Apr 20 2023 22:08:50 GMT+0000 (Coordinated Universal Time)
"900","60",Red,"JW",6,0,0,0,0,0,3,0,2,4,5,0,2,5,3,4,0,0,0,0,0,0,10,0.5,1,1,0.8,1,1,"",Thu Apr 20 2023 22:14:33 GMT+0000 (Coordinated Universal Time)
"5172","60",Blue,"LL",0,0,0,0,0,0,0,12,0,0,0,0,0,5,0,0,0,0,0,0,0,0,6,0.7,1,1,0.7,1,1,"Intake broke or something and it just played defense (average defense)",Thu Apr 20 2023 22:14:34 GMT+0000 (Coordinated Universal Time)
"2992","60",Red,"LP",6,0,0,6,0,0,3,0,7,1,15,9,2,0,3,0,0,0,0,0,0,0,10,1,1,1,0.5,1,1,"",Thu Apr 20 2023 22:14:35 GMT+0000 (Coordinated Universal Time)
"3478","60",Blue,"Lg",6,0,0,0,0,0,0,0,3,2,5,3,2,5,3,0,0,0,0,0,0,0,6,1,1,1,0.5,1,1,"Failed climb",Thu Apr 20 2023 22:14:41 GMT+0000 (Coordinated Universal Time)
"1538","60",Blue,"KL",6,0,0,6,0,0,3,0,5,3,10,9,0,5,6,0,0,0,0,0,0,0,6,1,0.8,1,0.9,1,1,"",Thu Apr 20 2023 22:15:15 GMT+0000 (Coordinated Universal Time)
"955","61",Blue,"LL",6,0,0,0,0,0,3,0,5,1,25,0,0,5,0,0,0,0,0,0,0,0,10,1,1,1,0.9,1,1,"Very good robot",Thu Apr 20 2023 22:21:59 GMT+0000 (Coordinated Universal Time)
"4112","61",Red,"LP",6,0,0,0,0,0,3,0,1,1,5,0,0,0,0,2,0,0,0,0,0,0,0,1,1,1,0.4,1,1,"Chain broke on robot midway through match ",Thu Apr 20 2023 22:22:03 GMT+0000 (Coordinated Universal Time)
"1629","61",Red,"JW",0,0,0,6,0,0,3,0,3,0,10,0,0,0,0,0,0,0,0,0,0,0,10,1,0.4,1,0.8,1,0,"DCed and RCed halfway through",Thu Apr 20 2023 22:22:12 GMT+0000 (Coordinated Universal Time)
"9062","61",Blue,"KL",0,0,3,0,0,0,3,0,0,0,0,0,0,0,0,6,0,0,0,0,0,0,10,1,1,1,0.7,1,1,"Cube shooter",Thu Apr 20 2023 22:22:24 GMT+0000 (Coordinated Universal Time)
"9062","61",Blue,"KL",0,0,3,0,0,0,3,0,0,3,0,0,0,0,0,6,0,0,0,0,0,0,10,1,1,1,0.7,1,1,"Cube shooter",Thu Apr 20 2023 22:22:38 GMT+0000 (Coordinated Universal Time)
"1156","61",Blue,"Lg",0,0,3,0,0,0,3,12,0,6,0,0,0,10,6,4,0,0,0,0,0,0,10,1,1,1,0.5,1,1,"",Thu Apr 20 2023 22:22:42 GMT+0000 (Coordinated Universal Time)
"1466","62",Blue,"LL",0,0,0,6,0,0,3,12,2,0,0,3,0,0,0,0,0,0,0,0,0,0,10,1,1,1,0.4,1,1,"Terrible intake",Thu Apr 20 2023 22:29:04 GMT+0000 (Coordinated Universal Time)
"9084","62",Red,"LP",6,0,0,0,0,0,3,12,3,4,5,3,2,5,6,2,0,0,0,0,0,0,10,0.7,0.7,1,0.8,1,1,"",Thu Apr 20 2023 22:29:17 GMT+0000 (Coordinated Universal Time)
"5006","62",Blue,"Lg",6,0,0,0,0,0,3,0,4,2,10,0,2,5,0,0,0,0,0,0,0,0,2,1,0.8,1,0.5,1,1,"",Thu Apr 20 2023 22:29:34 GMT+0000 (Coordinated Universal Time)
"7072","62",Blue,"KL",0,0,0,6,0,0,3,0,0,6,0,0,0,0,0,12,0,0,0,0,0,0,10,0.6,1,1,0.3,1,1,"Doesn‚Äôt use intake- pushes cubes in",Thu Apr 20 2023 22:29:41 GMT+0000 (Coordinated Universal Time)
"7285","62",Red,"JW",0,0,3,0,4,0,3,0,4,1,5,6,2,5,0,0,0,0,0,0,0,0,10,0.8,1,1,0.8,1,1,"Weird intake method, somewhat unreliable",Thu Apr 20 2023 22:30:39 GMT+0000 (Coordinated Universal Time)
"1816","63",Red,"LP",6,0,0,0,0,0,3,12,4,2,5,9,0,5,3,0,0,0,0,0,0,0,10,1,1,1,0.7,1,1,"",Thu Apr 20 2023 22:36:17 GMT+0000 (Coordinated Universal Time)
"5990","63",Blue,"Lg",6,0,0,0,0,0,3,0,4,3,15,0,0,0,3,4,0,0,0,0,0,0,2,0.6,0.7,1,0.5,1,1,"",Thu Apr 20 2023 22:36:17 GMT+0000 (Coordinated Universal Time)
"8016","63",Blue,"LL",0,0,0,6,0,0,0,0,3,0,0,6,2,0,0,0,0,0,0,0,0,0,10,1,0.7,1,0.5,1,1,"Terrible shooting mechanism",Thu Apr 20 2023 22:36:17 GMT+0000 (Coordinated Universal Time)
"1746","63",Red,"JW",0,0,0,6,0,3,3,0,2,0,10,0,0,0,0,2,0,0,0,0,0,0,2,0.9,1,1,0.8,1,0,"Period of time where bot couldn't decide if enabled",Thu Apr 20 2023 22:36:19 GMT+0000 (Coordinated Universal Time)
"11","63",Blue,"KL",6,0,0,0,0,0,3,0,3,3,15,0,0,0,0,6,0,0,0,0,0,0,10,1,1,1,0.7,1,1,"",Thu Apr 20 2023 22:36:57 GMT+0000 (Coordinated Universal Time)
"5135","64",Red,"LP",0,0,0,6,0,0,3,0,4,1,10,3,0,0,3,0,0,0,0,0,0,0,10,1,1,1,0.6,1,1,"",Thu Apr 20 2023 22:44:20 GMT+0000 (Coordinated Universal Time)
"3767","64",Red,"JW",0,0,0,6,0,0,3,12,4,2,5,9,0,0,6,0,0,0,0,0,0,0,10,0.8,1,0.5,0.7,1,1,"",Thu Apr 20 2023 22:44:20 GMT+0000 (Coordinated Universal Time)
"3003","64",Blue,"Lg",6,0,0,0,0,0,3,12,2,3,5,3,0,5,3,2,0,0,0,0,0,0,10,1,1,1,0.6,1,1,"",Thu Apr 20 2023 22:44:30 GMT+0000 (Coordinated Universal Time)
"3572","64",Blue,"KL",0,0,0,0,0,6,3,0,4,1,10,6,0,0,3,0,0,0,0,0,0,0,10,1,0.6,1,0.5,1,1,"",Thu Apr 20 2023 22:44:37 GMT+0000 (Coordinated Universal Time)
"4069","64",Blue,"LL",6,0,0,6,0,0,3,0,4,2,15,6,0,5,3,0,0,0,0,0,0,0,10,1,1,1,0.8,1,1,"Very solid overall, intake inconsistent though ",Thu Apr 20 2023 22:44:41 GMT+0000 (Coordinated Universal Time)
"4099","64",Red,"HH",6,0,0,6,0,0,3,0,4,2,5,0,4,0,0,4,0,0,0,0,0,0,10,0.6,1,1,0.8,1,1,"Fast inaccurate high place",Thu Apr 20 2023 22:46:23 GMT+0000 (Coordinated Universal Time)
"503","65",Blue,"JJR",0,0,0,6,0,0,3,0,3,4,10,3,0,0,3,4,0,0,0,0,0,0,10,1,1,1,0.8,1,1,"Cube outtake is aggressive ",Thu Apr 20 2023 22:51:41 GMT+0000 (Coordinated Universal Time)
"4944","65",Red,"AJ",0,0,0,6,0,0,3,12,4,3,15,3,0,5,0,4,0,0,0,0,0,0,10,1,1,1,1,1,1,"Great and consistent ",Thu Apr 20 2023 22:51:42 GMT+0000 (Coordinated Universal Time)
"9140","Qual 65",Red,"AS",0,0,0,6,0,0,3,12,5,0,10,6,2,0,0,0,0,0,0,0,0,0,2,1,0.8,1,0.6,0,1,"",Thu Apr 20 2023 22:51:42 GMT+0000 (Coordinated Universal Time)
"4905","65",Red,"LL",0,0,0,6,4,0,3,0,3,2,10,0,2,0,0,4,0,0,0,0,0,0,6,0.6,1,1,0.7,0,1,"Reliable shooting, just slow",Thu Apr 20 2023 22:51:45 GMT+0000 (Coordinated Universal Time)
"7617","65",Red,"AK",0,4,0,0,0,3,3,0,1,1,5,0,0,0,0,2,0,0,0,0,0,0,6,0.7,0.4,0.9,0,0,1,"Got stuck one in a while. Intake is ok",Thu Apr 20 2023 22:51:58 GMT+0000 (Coordinated Universal Time)
"9126","65",Blue,"WC",0,0,0,6,0,0,3,0,0,2,0,0,0,0,6,6,18,6,0,9,9,24,10,0.7,0.4,0.8,0.7,1,1,"",Thu Apr 20 2023 22:52:39 GMT+0000 (Coordinated Universal Time)
"4663","Qual 66",Red,"AS",0,0,0,0,0,0,3,0,2,2,0,6,0,0,3,2,0,0,0,0,0,0,10,1,1,1,0.1,1,1,"",Thu Apr 20 2023 22:58:34 GMT+0000 (Coordinated Universal Time)
"","",Red,"",6,0,0,0,4,0,0,0,3,3,10,3,0,5,3,2,0,0,0,0,0,0,0,1,1,1,0.7,1,0,"Tipped over",Thu Apr 20 2023 22:58:36 GMT+0000 (Coordinated Universal Time)
"179","66",Red,"LL",6,0,0,0,0,0,3,0,8,1,25,6,0,5,0,0,0,0,0,0,0,0,2,1,1,1,0.8,1,1,"Can pick up cone at any orientation. Very solid overall ",Thu Apr 20 2023 22:58:45 GMT+0000 (Coordinated Universal Time)
"1757","66",Red,"JJR",6,0,0,0,0,0,3,0,0,0,0,0,0,0,0,0,0,0,0,0,0,0,10,1,1,1,0.1,1,0,"Died after autos but came back and moved feeblely and Started doindef",Thu Apr 20 2023 22:58:47 GMT+0000 (Coordinated Universal Time)
"3161","66",Red,"AK",0,4,0,0,0,0,3,12,3,3,0,9,0,0,3,4,0,0,0,0,0,0,10,0.8,0.7,1,0.7,1,1,"",Thu Apr 20 2023 22:59:10 GMT+0000 (Coordinated Universal Time)
"8015","66",Blue,"WC",0,0,3,0,0,0,3,0,0,2,0,0,0,0,3,4,0,0,0,0,0,0,10,0.7,0.3,1,0,1,1,"",Thu Apr 20 2023 22:59:41 GMT+0000 (Coordinated Universal Time)
"6431","67",Red,"LL",0,0,0,0,0,0,0,0,0,0,0,0,0,0,0,2,0,0,0,0,0,0,10,0.3,1,1,0.6,0,1,"Looks broken. Just played defense. Average defense",Thu Apr 20 2023 23:05:38 GMT+0000 (Coordinated Universal Time)
"3538","Qual 67",Red,"AS",6,0,0,0,0,0,0,12,2,6,5,0,2,10,3,2,0,0,0,0,0,0,2,1,1,1,0.7,1,1,"Threw",Thu Apr 20 2023 23:05:43 GMT+0000 (Coordinated Universal Time)
"1836","67",Red,"AK",0,0,0,0,0,6,3,0,0,3,0,0,0,0,0,6,0,0,0,0,0,0,10,0.5,0.9,0.9,0.7,1,1,"",Thu Apr 20 2023 23:05:46 GMT+0000 (Coordinated Universal Time)
"4143","67",Blue,"JJR",6,0,0,6,0,3,0,0,3,2,10,6,4,5,3,0,0,0,0,0,0,0,10,1,0.9,1,0.8,1,1,"",Thu Apr 20 2023 23:05:49 GMT+0000 (Coordinated Universal Time)
"494","67",Blue,"AJ",6,0,0,6,0,0,3,0,5,0,5,9,0,0,0,0,0,0,0,0,0,0,0,1,1,0.7,0.9,0,1,"",Thu Apr 20 2023 23:06:36 GMT+0000 (Coordinated Universal Time)
"177","67",Blue,"WC",6,0,0,0,0,0,3,12,3,4,5,6,0,5,0,6,18,18,6,9,9,12,10,0.7,0.8,0.8,0.9,1,1,"",Thu Apr 20 2023 23:08:33 GMT+0000 (Coordinated Universal Time)
"4143","67",Blue,"JJR",6,0,0,6,0,3,0,0,3,2,10,6,4,5,3,0,0,0,0,0,0,0,10,1,0.9,1,0.8,1,1,"",Thu Apr 20 2023 23:09:25 GMT+0000 (Coordinated Universal Time)
"4069","3",Red,"AJ",0,0,0,6,0,0,3,0,6,0,10,9,2,5,0,0,0,0,0,0,0,0,0,1,1,1,0.8,1,1,"",Thu Apr 20 2023 23:14:47 GMT+0000 (Coordinated Universal Time)
"4944","3",Red,"LL",6,0,0,0,0,0,0,8,4,3,10,0,2,10,0,2,0,0,0,0,0,0,10,0.6,1,1,0.7,1,1,"Intake/shooting takes forever",Thu Apr 20 2023 23:14:51 GMT+0000 (Coordinated Universal Time)
"1156","68",Blue,"JJR",0,4,0,0,0,0,3,12,3,3,5,3,0,5,3,2,0,0,0,0,0,0,10,0.8,1,1,0.4,1,1,"Eh",Thu Apr 20 2023 23:14:59 GMT+0000 (Coordinated Universal Time)
"6817","Qual 3",Red,"AS",0,0,0,0,0,0,0,0,0,0,0,0,0,0,0,0,0,0,0,0,0,0,2,0.5,0.7,1,0,0,1,"",Thu Apr 20 2023 23:15:16 GMT+0000 (Coordinated Universal Time)
"900","3",Blue,"WC",6,0,0,0,0,0,3,0,6,0,15,6,2,0,0,0,18,18,9,9,9,3,10,0.5,0.6,1,0.8,1,1,"Best name",Thu Apr 20 2023 23:15:30 GMT+0000 (Coordinated Universal Time)
"5553","3",Red,"AK",0,0,0,0,0,3,3,0,2,1,10,0,0,5,3,0,0,0,0,0,0,0,10,0.6,0.4,1,0.7,0,1,"Might tip over when extending",Thu Apr 20 2023 23:15:47 GMT+0000 (Coordinated Universal Time)
"1156","68",Blue,"JJR",0,4,0,0,0,0,3,12,3,3,5,3,0,5,3,2,0,0,0,0,0,0,10,0.8,1,1,0.4,1,1,"Eh",Thu Apr 20 2023 23:16:23 GMT+0000 (Coordinated Universal Time)
"503","25",Red,"LL",0,0,0,0,4,0,3,0,4,2,10,0,2,5,0,2,0,0,0,0,0,0,10,0.6,1,1,0.8,1,1,"Good overall",Thu Apr 20 2023 23:25:17 GMT+0000 (Coordinated Universal Time)
"1123","Qual 25",Red,"ASKING ",0,0,3,6,4,0,3,0,4,2,20,0,0,0,0,4,0,0,0,0,0,0,10,1,0.9,1,0.7,1,1,"",Thu Apr 20 2023 23:25:32 GMT+0000 (Coordinated Universal Time)
"9084","25",Blue,"JJR",6,0,0,0,0,0,3,0,4,2,5,12,0,5,3,2,0,0,0,0,0,0,6,1,1,1,0,1,1,"Really BAD team DO NOT ALLIANCE ",Thu Apr 20 2023 23:26:12 GMT+0000 (Coordinated Universal Time)
"9084","25",Blue,"JJR",6,0,0,0,0,0,3,0,4,2,5,12,0,5,3,2,0,0,0,0,0,0,6,1,1,1,0,1,1,"Really BAD team DO NOT ALLIANCE ",Thu Apr 20 2023 23:26:37 GMT+0000 (Coordinated Universal Time)
"8592","25",Blue,"WC",6,0,0,0,0,0,3,12,5,3,15,6,0,5,6,0,18,18,0,9,9,12,6,1,1,1,0.8,1,1,"",Thu Apr 20 2023 23:26:56 GMT+0000 (Coordinated Universal Time)